#
# There is insufficient memory for the Java Runtime Environment to continue.
# Native memory allocation (malloc) failed to allocate 1129296 bytes. Error detail: Chunk::new
# Possible reasons:
#   The system is out of physical RAM or swap space
#   This process is running with CompressedOops enabled, and the Java Heap may be blocking the growth of the native heap
# Possible solutions:
#   Reduce memory load on the system
#   Increase physical memory or swap space
#   Check if swap backing store is full
#   Decrease Java heap size (-Xmx/-Xms)
#   Decrease number of Java threads
#   Decrease Java thread stack sizes (-Xss)
#   Set larger code cache with -XX:ReservedCodeCacheSize=
#   JVM is running with Unscaled Compressed Oops mode in which the Java heap is
#     placed in the first 4GB address space. The Java Heap base address is the
#     maximum limit for the native heap growth. Please use -XX:HeapBaseMinAddress
#     to set the Java Heap base and to place the Java Heap above 4GB virtual address.
# This output file may be truncated or incomplete.
#
#  Out of Memory Error (arena.cpp:191), pid=41344, tid=35200
#
# JRE version: OpenJDK Runtime Environment Microsoft-13106358 (17.0.18+8) (build 17.0.18+8-LTS)
# Java VM: OpenJDK 64-Bit Server VM Microsoft-13106358 (17.0.18+8-LTS, mixed mode, sharing, tiered, compressed oops, compressed class ptrs, g1 gc, windows-amd64)
# No core dump will be written. Minidumps are not enabled by default on client versions of Windows
#

---------------  S U M M A R Y ------------

Command Line: --add-opens=java.base/java.lang=ALL-UNNAMED --add-opens=java.base/java.lang.invoke=ALL-UNNAMED --add-opens=java.base/java.util=ALL-UNNAMED --add-opens=java.prefs/java.util.prefs=ALL-UNNAMED --add-exports=jdk.compiler/com.sun.tools.javac.api=ALL-UNNAMED --add-exports=jdk.compiler/com.sun.tools.javac.util=ALL-UNNAMED --add-opens=java.base/java.util=ALL-UNNAMED --add-opens=java.prefs/java.util.prefs=ALL-UNNAMED --add-opens=java.base/java.nio.charset=ALL-UNNAMED --add-opens=java.base/java.net=ALL-UNNAMED --add-opens=java.base/java.util.concurrent=ALL-UNNAMED --add-opens=java.base/java.util.concurrent.atomic=ALL-UNNAMED --add-opens=java.xml/javax.xml.namespace=ALL-UNNAMED --add-opens=java.base/java.time=ALL-UNNAMED -Xmx2048m -Dfile.encoding=UTF-8 -Duser.country=US -Duser.language=en -Duser.variant -javaagent:E:\DevCaches\gradle\wrapper\dists\gradle-9.1.0-bin\9agqghryom9wkf8r80qlhnts3\gradle-9.1.0\lib\agents\gradle-instrumentation-agent-9.1.0.jar org.gradle.launcher.daemon.bootstrap.GradleDaemon 9.1.0

Host: AMD Ryzen 7 4800H with Radeon Graphics         , 16 cores, 31G,  Windows 11 , 64 bit Build 26100 (10.0.26100.6725)
Time: Tue Aug  4 16:04:01 2026 E. South America Standard Time elapsed time: 74.728702 seconds (0d 0h 1m 14s)

---------------  T H R E A D  ---------------

Current thread (0x000001f59738ff00):  JavaThread "C2 CompilerThread3" daemon [_thread_in_native, id=35200, stack(0x0000005464b00000,0x0000005464c00000)]


Current CompileTask:
C2:74728 21627   !   4       org.gradle.internal.classpath.transforms.BaseClasspathElementTransform::visitEntry (95 bytes)

Stack: [0x0000005464b00000,0x0000005464c00000]
Native frames: (J=compiled Java code, j=interpreted, Vv=VM code, C=native code)
V  [jvm.dll+0x68c879]  (no source info available)
V  [jvm.dll+0x845979]  (no source info available)
V  [jvm.dll+0x8476e8]  (no source info available)
V  [jvm.dll+0x847d73]  (no source info available)
V  [jvm.dll+0x24cf6f]  (no source info available)
V  [jvm.dll+0xaecb6]  (no source info available)
V  [jvm.dll+0xaf35c]  (no source info available)
V  [jvm.dll+0x3716ff]  (no source info available)
V  [jvm.dll+0x33b985]  (no source info available)
V  [jvm.dll+0x33adea]  (no source info available)
V  [jvm.dll+0x21df29]  (no source info available)
V  [jvm.dll+0x21d36d]  (no source info available)
V  [jvm.dll+0x1a8ce6]  (no source info available)
V  [jvm.dll+0x22db1b]  (no source info available)
V  [jvm.dll+0x22bca6]  (no source info available)
V  [jvm.dll+0x7fbabb]  (no source info available)
V  [jvm.dll+0x7f5ebc]  (no source info available)
V  [jvm.dll+0x68de17]  (no source info available)
C  [ucrtbase.dll+0x37b0]  (no source info available)
C  [KERNEL32.DLL+0x2e8d7]  (no source info available)
C  [ntdll.dll+0x8c53c]  (no source info available)


---------------  P R O C E S S  ---------------

Threads class SMR info:
_java_thread_list=0x000001f5956dab20, length=88, elements={
0x000001f52b581b50, 0x000001f549c515a0, 0x000001f549c52ae0, 0x000001f549c687f0,
0x000001f549c6dc40, 0x000001f549c6e510, 0x000001f54a721a00, 0x000001f54a729df0,
0x000001f54a738eb0, 0x000001f54a739f40, 0x000001f54a71f690, 0x000001f54a721f10,
0x000001f54a722420, 0x000001f54a71fba0, 0x000001f54a7200b0, 0x000001f54a7205c0,
0x000001f54a720ad0, 0x000001f54a7214f0, 0x000001f54a722930, 0x000001f592aa61e0,
0x000001f592aa7b30, 0x000001f592aa66f0, 0x000001f592aa8040, 0x000001f592aa6c00,
0x000001f592aa9ea0, 0x000001f592aa9990, 0x000001f592aa8f70, 0x000001f592aaa8c0,
0x000001f592aa8a60, 0x000001f592aaadd0, 0x000001f592aa7620, 0x000001f592aabd00,
0x000001f592aac210, 0x000001f596ecfab0, 0x000001f596e63c60, 0x000001f596ed0aa0,
0x000001f59869ac00, 0x000001f59869b110, 0x000001f59869c040, 0x000001f59869b620,
0x000001f59869c550, 0x000001f5975d20d0, 0x000001f5975d76e0, 0x000001f54a722e40,
0x000001f5934da630, 0x000001f5934d9700, 0x000001f5934da120, 0x000001f5934d6e80,
0x000001f5934d8ce0, 0x000001f5934dab40, 0x000001f5934d87d0, 0x000001f5934d78a0,
0x000001f5934d91f0, 0x000001f5934d9c10, 0x000001f5934d7390, 0x000001f5934db050,
0x000001f5934db560, 0x000001f5934d7db0, 0x000001f5934dba70, 0x000001f5934d82c0,
0x000001f5934dbf80, 0x000001f5934dc490, 0x000001f5934dc9a0, 0x000001f5934de2f0,
0x000001f5934dceb0, 0x000001f5934dd3c0, 0x000001f5934ddde0, 0x000001f5934de800,
0x000001f598441e50, 0x000001f598442360, 0x000001f598442870, 0x000001f598442d80,
0x000001f598440500, 0x000001f598441940, 0x000001f598440f20, 0x000001f598443cb0,
0x000001f598443290, 0x000001f598192ea0, 0x000001f5984437a0, 0x000001f598441430,
0x000001f598440a10, 0x000001f5984450f0, 0x000001f59c22d7a0, 0x000001f59738ff00,
0x000001f597390ef0, 0x000001f5933bee80, 0x000001f597391440, 0x000001f5973909a0
}

Java Threads: ( => current thread )
  0x000001f52b581b50 JavaThread "main" [_thread_blocked, id=8728, stack(0x000000545de00000,0x000000545df00000)]
  0x000001f549c515a0 JavaThread "Reference Handler" daemon [_thread_blocked, id=3976, stack(0x000000545e500000,0x000000545e600000)]
  0x000001f549c52ae0 JavaThread "Finalizer" daemon [_thread_blocked, id=23184, stack(0x000000545e600000,0x000000545e700000)]
  0x000001f549c687f0 JavaThread "Signal Dispatcher" daemon [_thread_blocked, id=30268, stack(0x000000545e700000,0x000000545e800000)]
  0x000001f549c6dc40 JavaThread "Attach Listener" daemon [_thread_blocked, id=41364, stack(0x000000545e800000,0x000000545e900000)]
  0x000001f549c6e510 JavaThread "Service Thread" daemon [_thread_blocked, id=936, stack(0x000000545e900000,0x000000545ea00000)]
  0x000001f54a721a00 JavaThread "Monitor Deflation Thread" daemon [_thread_blocked, id=21192, stack(0x000000545ea00000,0x000000545eb00000)]
  0x000001f54a729df0 JavaThread "C2 CompilerThread0" daemon [_thread_in_native, id=36148, stack(0x000000545eb00000,0x000000545ec00000)]
  0x000001f54a738eb0 JavaThread "C1 CompilerThread0" daemon [_thread_blocked, id=41476, stack(0x000000545ec00000,0x000000545ed00000)]
  0x000001f54a739f40 JavaThread "Sweeper thread" daemon [_thread_blocked, id=7036, stack(0x000000545ed00000,0x000000545ee00000)]
  0x000001f54a71f690 JavaThread "Common-Cleaner" daemon [_thread_blocked, id=35504, stack(0x000000545ee00000,0x000000545ef00000)]
  0x000001f54a721f10 JavaThread "Notification Thread" daemon [_thread_blocked, id=37528, stack(0x000000545f200000,0x000000545f300000)]
  0x000001f54a722420 JavaThread "Daemon health stats" [_thread_blocked, id=13264, stack(0x000000545ff00000,0x0000005460000000)]
  0x000001f54a71fba0 JavaThread "Incoming local TCP Connector on port 56527" [_thread_in_native, id=41464, stack(0x000000545fe00000,0x000000545ff00000)]
  0x000001f54a7200b0 JavaThread "Daemon periodic checks" [_thread_blocked, id=22820, stack(0x0000005460100000,0x0000005460200000)]
  0x000001f54a7205c0 JavaThread "Daemon" [_thread_blocked, id=44084, stack(0x0000005460200000,0x0000005460300000)]
  0x000001f54a720ad0 JavaThread "Handler for socket connection from /127.0.0.1:56527 to /127.0.0.1:56528" [_thread_in_native, id=44516, stack(0x0000005460300000,0x0000005460400000)]
  0x000001f54a7214f0 JavaThread "Cancel handler" [_thread_blocked, id=22860, stack(0x0000005460400000,0x0000005460500000)]
  0x000001f54a722930 JavaThread "Daemon worker" [_thread_in_Java, id=23020, stack(0x0000005460500000,0x0000005460600000)]
  0x000001f592aa61e0 JavaThread "Asynchronous log dispatcher for DefaultDaemonConnection: socket connection from /127.0.0.1:56527 to /127.0.0.1:56528" [_thread_blocked, id=44952, stack(0x0000005460600000,0x0000005460700000)]
  0x000001f592aa7b30 JavaThread "Stdin handler" [_thread_blocked, id=29540, stack(0x0000005460700000,0x0000005460800000)]
  0x000001f592aa66f0 JavaThread "Daemon client event forwarder" [_thread_blocked, id=30484, stack(0x0000005460800000,0x0000005460900000)]
  0x000001f592aa8040 JavaThread "Cache worker for journal cache (E:\DevCaches\gradle\caches\journal-1)" [_thread_blocked, id=15468, stack(0x0000005460900000,0x0000005460a00000)]
  0x000001f592aa6c00 JavaThread "File lock request listener" [_thread_in_native, id=36200, stack(0x0000005460a00000,0x0000005460b00000)]
  0x000001f592aa9ea0 JavaThread "Cache worker for file hash cache (E:\DevCaches\gradle\caches\9.1.0\fileHashes)" [_thread_blocked, id=37532, stack(0x0000005460b00000,0x0000005460c00000)]
  0x000001f592aa9990 JavaThread "Cache worker for file hash cache (E:\projects\Downloader-XBOX360-XEX-HDD-Games\src\android-app\.gradle\9.1.0\fileHashes)" [_thread_blocked, id=23784, stack(0x0000005461100000,0x0000005461200000)]
  0x000001f592aa8f70 JavaThread "Cache worker for Build Output Cleanup Cache (E:\projects\Downloader-XBOX360-XEX-HDD-Games\src\android-app\.gradle\buildOutputCleanup)" [_thread_blocked, id=42216, stack(0x0000005461200000,0x0000005461300000)]
  0x000001f592aaa8c0 JavaThread "File watcher server" daemon [_thread_in_native, id=41804, stack(0x0000005461300000,0x0000005461400000)]
  0x000001f592aa8a60 JavaThread "File watcher consumer" daemon [_thread_blocked, id=33428, stack(0x0000005461400000,0x0000005461500000)]
  0x000001f592aaadd0 JavaThread "Cache worker for checksums cache (E:\projects\Downloader-XBOX360-XEX-HDD-Games\src\android-app\.gradle\9.1.0\checksums)" [_thread_blocked, id=44592, stack(0x0000005460c00000,0x0000005460d00000)]
  0x000001f592aa7620 JavaThread "Cache worker for file content cache (E:\DevCaches\gradle\caches\9.1.0\fileContent)" [_thread_blocked, id=44844, stack(0x0000005460d00000,0x0000005460e00000)]
  0x000001f592aabd00 JavaThread "Cache worker for cache directory md-supplier (E:\DevCaches\gradle\caches\9.1.0\md-supplier)" [_thread_blocked, id=12792, stack(0x0000005461700000,0x0000005461800000)]
  0x000001f592aac210 JavaThread "Cache worker for cache directory md-rule (E:\DevCaches\gradle\caches\9.1.0\md-rule)" [_thread_blocked, id=44616, stack(0x0000005461800000,0x0000005461900000)]
  0x000001f596ecfab0 JavaThread "C1 CompilerThread1" daemon [_thread_blocked, id=4204, stack(0x0000005461600000,0x0000005461700000)]
  0x000001f596e63c60 JavaThread "Kotlin DSL Writer" [_thread_blocked, id=33324, stack(0x0000005460000000,0x0000005460100000)]
  0x000001f596ed0aa0 JavaThread "C1 CompilerThread2" daemon [_thread_blocked, id=35736, stack(0x0000005461b00000,0x0000005461c00000)]
  0x000001f59869ac00 JavaThread "Unconstrained build operations" [_thread_blocked, id=26312, stack(0x000000545dd00000,0x000000545de00000)]
  0x000001f59869b110 JavaThread "Unconstrained build operations Thread 2" [_thread_blocked, id=31652, stack(0x000000545f000000,0x000000545f100000)]
  0x000001f59869c040 JavaThread "Unconstrained build operations Thread 3" [_thread_blocked, id=16008, stack(0x0000005461500000,0x0000005461600000)]
  0x000001f59869b620 JavaThread "Unconstrained build operations Thread 4" [_thread_blocked, id=34456, stack(0x0000005461900000,0x0000005461a00000)]
  0x000001f59869c550 JavaThread "Unconstrained build operations Thread 5" [_thread_blocked, id=41540, stack(0x0000005461a00000,0x0000005461b00000)]
  0x000001f5975d20d0 JavaThread "Unconstrained build operations Thread 6" [_thread_blocked, id=18768, stack(0x0000005462200000,0x0000005462300000)]
  0x000001f5975d76e0 JavaThread "Unconstrained build operations Thread 7" [_thread_blocked, id=36728, stack(0x0000005462300000,0x0000005462400000)]
  0x000001f54a722e40 JavaThread "Unconstrained build operations Thread 8" [_thread_blocked, id=18812, stack(0x0000005462400000,0x0000005462500000)]
  0x000001f5934da630 JavaThread "Unconstrained build operations Thread 9" [_thread_blocked, id=43752, stack(0x0000005462500000,0x0000005462600000)]
  0x000001f5934d9700 JavaThread "Unconstrained build operations Thread 10" [_thread_blocked, id=26168, stack(0x0000005462600000,0x0000005462700000)]
  0x000001f5934da120 JavaThread "Unconstrained build operations Thread 11" [_thread_blocked, id=15940, stack(0x0000005462700000,0x0000005462800000)]
  0x000001f5934d6e80 JavaThread "Unconstrained build operations Thread 12" [_thread_blocked, id=33004, stack(0x0000005462800000,0x0000005462900000)]
  0x000001f5934d8ce0 JavaThread "Unconstrained build operations Thread 13" [_thread_blocked, id=23520, stack(0x0000005462900000,0x0000005462a00000)]
  0x000001f5934dab40 JavaThread "Unconstrained build operations Thread 14" [_thread_blocked, id=36228, stack(0x0000005462a00000,0x0000005462b00000)]
  0x000001f5934d87d0 JavaThread "Unconstrained build operations Thread 15" [_thread_blocked, id=23048, stack(0x0000005462b00000,0x0000005462c00000)]
  0x000001f5934d78a0 JavaThread "Unconstrained build operations Thread 16" [_thread_blocked, id=35544, stack(0x0000005462c00000,0x0000005462d00000)]
  0x000001f5934d91f0 JavaThread "Unconstrained build operations Thread 17" [_thread_blocked, id=34372, stack(0x0000005462d00000,0x0000005462e00000)]
  0x000001f5934d9c10 JavaThread "Unconstrained build operations Thread 18" [_thread_blocked, id=39912, stack(0x0000005462e00000,0x0000005462f00000)]
  0x000001f5934d7390 JavaThread "Unconstrained build operations Thread 19" [_thread_blocked, id=41268, stack(0x0000005463000000,0x0000005463100000)]
  0x000001f5934db050 JavaThread "Unconstrained build operations Thread 20" [_thread_blocked, id=21184, stack(0x0000005463100000,0x0000005463200000)]
  0x000001f5934db560 JavaThread "Unconstrained build operations Thread 21" [_thread_blocked, id=44528, stack(0x0000005463200000,0x0000005463300000)]
  0x000001f5934d7db0 JavaThread "Unconstrained build operations Thread 22" [_thread_blocked, id=40724, stack(0x0000005463400000,0x0000005463500000)]
  0x000001f5934dba70 JavaThread "Unconstrained build operations Thread 23" [_thread_blocked, id=32128, stack(0x0000005463500000,0x0000005463600000)]
  0x000001f5934d82c0 JavaThread "Unconstrained build operations Thread 24" [_thread_blocked, id=11968, stack(0x0000005463600000,0x0000005463700000)]
  0x000001f5934dbf80 JavaThread "Unconstrained build operations Thread 25" [_thread_blocked, id=32600, stack(0x0000005463700000,0x0000005463800000)]
  0x000001f5934dc490 JavaThread "Unconstrained build operations Thread 26" [_thread_blocked, id=37072, stack(0x0000005463800000,0x0000005463900000)]
  0x000001f5934dc9a0 JavaThread "Unconstrained build operations Thread 27" [_thread_blocked, id=10076, stack(0x0000005463900000,0x0000005463a00000)]
  0x000001f5934de2f0 JavaThread "Unconstrained build operations Thread 28" [_thread_blocked, id=36972, stack(0x0000005463a00000,0x0000005463b00000)]
  0x000001f5934dceb0 JavaThread "Unconstrained build operations Thread 29" [_thread_blocked, id=4380, stack(0x0000005463b00000,0x0000005463c00000)]
  0x000001f5934dd3c0 JavaThread "Unconstrained build operations Thread 30" [_thread_blocked, id=32276, stack(0x0000005463c00000,0x0000005463d00000)]
  0x000001f5934ddde0 JavaThread "Unconstrained build operations Thread 31" [_thread_in_Java, id=23344, stack(0x000000545db00000,0x000000545dc00000)]
  0x000001f5934de800 JavaThread "Unconstrained build operations Thread 32" [_thread_in_Java, id=32100, stack(0x000000545dc00000,0x000000545dd00000)]
  0x000001f598441e50 JavaThread "Unconstrained build operations Thread 33" [_thread_in_Java, id=44572, stack(0x0000005462f00000,0x0000005463000000)]
  0x000001f598442360 JavaThread "Unconstrained build operations Thread 34" [_thread_blocked, id=44756, stack(0x0000005463300000,0x0000005463400000)]
  0x000001f598442870 JavaThread "Unconstrained build operations Thread 35" [_thread_blocked, id=33292, stack(0x0000005463d00000,0x0000005463e00000)]
  0x000001f598442d80 JavaThread "Unconstrained build operations Thread 36" [_thread_in_Java, id=31924, stack(0x0000005463e00000,0x0000005463f00000)]
  0x000001f598440500 JavaThread "Unconstrained build operations Thread 37" [_thread_blocked, id=38872, stack(0x0000005463f00000,0x0000005464000000)]
  0x000001f598441940 JavaThread "Unconstrained build operations Thread 38" [_thread_blocked, id=39532, stack(0x0000005464000000,0x0000005464100000)]
  0x000001f598440f20 JavaThread "Unconstrained build operations Thread 39" [_thread_in_Java, id=44736, stack(0x0000005464100000,0x0000005464200000)]
  0x000001f598443cb0 JavaThread "Unconstrained build operations Thread 40" [_thread_in_Java, id=42500, stack(0x0000005464200000,0x0000005464300000)]
  0x000001f598443290 JavaThread "Unconstrained build operations Thread 41" [_thread_blocked, id=41048, stack(0x0000005464300000,0x0000005464400000)]
  0x000001f598192ea0 JavaThread "C2 CompilerThread1" daemon [_thread_in_native, id=42424, stack(0x0000005464400000,0x0000005464500000)]
  0x000001f5984437a0 JavaThread "Unconstrained build operations Thread 42" [_thread_blocked, id=41284, stack(0x0000005464500000,0x0000005464600000)]
  0x000001f598441430 JavaThread "Unconstrained build operations Thread 43" [_thread_in_Java, id=30028, stack(0x0000005464600000,0x0000005464700000)]
  0x000001f598440a10 JavaThread "Unconstrained build operations Thread 44" [_thread_in_Java, id=9600, stack(0x0000005464700000,0x0000005464800000)]
  0x000001f5984450f0 JavaThread "Unconstrained build operations Thread 45" [_thread_in_Java, id=24244, stack(0x0000005464800000,0x0000005464900000)]
  0x000001f59c22d7a0 JavaThread "C2 CompilerThread2" daemon [_thread_in_native, id=8276, stack(0x0000005464900000,0x0000005464a00000)]
=>0x000001f59738ff00 JavaThread "C2 CompilerThread3" daemon [_thread_in_native, id=35200, stack(0x0000005464b00000,0x0000005464c00000)]
  0x000001f597390ef0 JavaThread "C2 CompilerThread4" daemon [_thread_in_native, id=30352, stack(0x0000005464c00000,0x0000005464d00000)]
  0x000001f5933bee80 JavaThread "C2 CompilerThread5" daemon [_thread_in_native, id=27932, stack(0x0000005464d00000,0x0000005464e00000)]
  0x000001f597391440 JavaThread "C2 CompilerThread6" daemon [_thread_in_native, id=35972, stack(0x0000005464e00000,0x0000005464f00000)]
  0x000001f5973909a0 JavaThread "C2 CompilerThread7" daemon [_thread_in_native, id=43840, stack(0x0000005464f00000,0x0000005465000000)]

Other Threads:
  0x000001f549c48a20 VMThread "VM Thread" [stack: 0x000000545e400000,0x000000545e500000] [id=33160]
  0x000001f54a8f6b90 WatcherThread [stack: 0x000000545f300000,0x000000545f400000] [id=4496]
  0x000001f529169fd0 GCTaskThread "GC Thread#0" [stack: 0x000000545df00000,0x000000545e000000] [id=23412]
  0x000001f5906b5560 GCTaskThread "GC Thread#1" [stack: 0x000000545f100000,0x000000545f200000] [id=20800]
  0x000001f5901e6720 GCTaskThread "GC Thread#2" [stack: 0x000000545f400000,0x000000545f500000] [id=32560]
  0x000001f5901e50a0 GCTaskThread "GC Thread#3" [stack: 0x000000545f500000,0x000000545f600000] [id=42316]
  0x000001f5901e6450 GCTaskThread "GC Thread#4" [stack: 0x000000545f600000,0x000000545f700000] [id=38496]
  0x000001f5901e5be0 GCTaskThread "GC Thread#5" [stack: 0x000000545f700000,0x000000545f800000] [id=18240]
  0x000001f5901e5eb0 GCTaskThread "GC Thread#6" [stack: 0x000000545f800000,0x000000545f900000] [id=38932]
  0x000001f5901e4dd0 GCTaskThread "GC Thread#7" [stack: 0x000000545f900000,0x000000545fa00000] [id=22132]
  0x000001f5901e6180 GCTaskThread "GC Thread#8" [stack: 0x000000545fa00000,0x000000545fb00000] [id=30868]
  0x000001f5901e5370 GCTaskThread "GC Thread#9" [stack: 0x000000545fb00000,0x000000545fc00000] [id=36848]
  0x000001f5901e5640 GCTaskThread "GC Thread#10" [stack: 0x000000545fc00000,0x000000545fd00000] [id=32088]
  0x000001f5901e69f0 GCTaskThread "GC Thread#11" [stack: 0x000000545fd00000,0x000000545fe00000] [id=33864]
  0x000001f591559ae0 GCTaskThread "GC Thread#12" [stack: 0x0000005460e00000,0x0000005460f00000] [id=44420]
  0x000001f52b5ecd10 ConcurrentGCThread "G1 Main Marker" [stack: 0x000000545e000000,0x000000545e100000] [id=16208]
  0x000001f52b5ee050 ConcurrentGCThread "G1 Conc#0" [stack: 0x000000545e100000,0x000000545e200000] [id=17448]
  0x000001f5915562a0 ConcurrentGCThread "G1 Conc#1" [stack: 0x0000005460f00000,0x0000005461000000] [id=31896]
  0x000001f591558190 ConcurrentGCThread "G1 Conc#2" [stack: 0x0000005461000000,0x0000005461100000] [id=42260]
  0x000001f549c1c550 ConcurrentGCThread "G1 Refine#0" [stack: 0x000000545e200000,0x000000545e300000] [id=30684]
  0x000001f592fe8180 ConcurrentGCThread "G1 Refine#1" [stack: 0x000000545ef00000,0x000000545f000000] [id=40100]
  0x000001f592fe9380 ConcurrentGCThread "G1 Refine#2" [stack: 0x0000005461e00000,0x0000005461f00000] [id=45036]
  0x000001f5962cd660 ConcurrentGCThread "G1 Refine#3" [stack: 0x0000005461c00000,0x0000005461d00000] [id=23140]
  0x000001f5962cfd60 ConcurrentGCThread "G1 Refine#4" [stack: 0x0000005461d00000,0x0000005461e00000] [id=11860]
  0x000001f5962cf760 ConcurrentGCThread "G1 Refine#5" [stack: 0x0000005462100000,0x0000005462200000] [id=42280]
  0x000001f549c1cd40 ConcurrentGCThread "G1 Service" [stack: 0x000000545e300000,0x000000545e400000] [id=2160]

Threads with active compile tasks:
C2 CompilerThread0  74912 21753       4       java.util.concurrent.ConcurrentHashMap::get (162 bytes)
C2 CompilerThread1  74913 21736       4       org.gradle.internal.classpath.transforms.AdhocInterceptors::visitINVOKESTATIC (780 bytes)
C2 CompilerThread2  74913 21759       4       org.objectweb.asm.ClassReader::readField (675 bytes)
C2 CompilerThread3  74914 21627   !   4       org.gradle.internal.classpath.transforms.BaseClasspathElementTransform::visitEntry (95 bytes)
C2 CompilerThread4  74914 21687       4       org.gradle.internal.classpath.transforms.ClasspathElementTransformForAgent::processClassFile (44 bytes)
C2 CompilerThread5  74914 21650 %     4       org.objectweb.asm.ClassReader::readCode @ 92 (5117 bytes)
C2 CompilerThread6  74914 21677       4       org.gradle.internal.classpath.transforms.BaseClasspathElementTransform$$Lambda$2089/0x000001f54cc8d5c0::visit (13 bytes)
C2 CompilerThread7  74915 21685       4       org.gradle.internal.classpath.transforms.BaseClasspathElementTransform::processClassFile (98 bytes)

VM state: not at safepoint (normal execution)

VM Mutex/Monitor currently owned by a thread: None

Heap address: 0x0000000080000000, size: 2048 MB, Compressed Oops mode: 32-bit

CDS archive(s) mapped at: [0x000001f54b000000-0x000001f54bbb0000-0x000001f54bbb0000), size 12255232, SharedBaseAddress: 0x000001f54b000000, ArchiveRelocationMode: 1.
Compressed class space mapped at: 0x000001f54c000000-0x000001f58c000000, reserved size: 1073741824
Narrow klass base: 0x000001f54b000000, Narrow klass shift: 0, Narrow klass range: 0x100000000

GC Precious Log:
 CPUs: 16 total, 16 available
 Memory: 32125M
 Large Page Support: Disabled
 NUMA Support: Disabled
 Compressed Oops: Enabled (32-bit)
 Heap Region Size: 1M
 Heap Min Capacity: 8M
 Heap Initial Capacity: 502M
 Heap Max Capacity: 2G
 Pre-touch: Disabled
 Parallel Workers: 13
 Concurrent Workers: 3
 Concurrent Refinement Workers: 13
 Periodic GC: Disabled

Heap:
 garbage-first heap   total 544768K, used 228807K [0x0000000080000000, 0x0000000100000000)
  region size 1024K, 29 young (29696K), 10 survivors (10240K)
 Metaspace       used 133153K, committed 133888K, reserved 1179648K
  class space    used 16527K, committed 16832K, reserved 1048576K

Heap Regions: E=young(eden), S=young(survivor), O=old, HS=humongous(starts), HC=humongous(continues), CS=collection set, F=free, OA=open archive, CA=closed archive, TAMS=top-at-mark-start (previous, next)
|   0|0x0000000080000000, 0x0000000080100000, 0x0000000080100000|100%|HS|  |TAMS 0x0000000080100000, 0x0000000080000000| Complete 
|   1|0x0000000080100000, 0x0000000080200000, 0x0000000080200000|100%|HC|  |TAMS 0x0000000080200000, 0x0000000080100000| Complete 
|   2|0x0000000080200000, 0x0000000080300000, 0x0000000080300000|100%|HC|  |TAMS 0x0000000080300000, 0x0000000080200000| Complete 
|   3|0x0000000080300000, 0x0000000080400000, 0x0000000080400000|100%| O|  |TAMS 0x0000000080400000, 0x0000000080300000| Untracked 
|   4|0x0000000080400000, 0x0000000080500000, 0x0000000080500000|100%| O|  |TAMS 0x0000000080500000, 0x0000000080400000| Untracked 
|   5|0x0000000080500000, 0x0000000080600000, 0x0000000080600000|100%| O|  |TAMS 0x0000000080600000, 0x0000000080500000| Untracked 
|   6|0x0000000080600000, 0x0000000080700000, 0x0000000080700000|100%|HS|  |TAMS 0x0000000080700000, 0x0000000080600000| Complete 
|   7|0x0000000080700000, 0x0000000080800000, 0x0000000080800000|100%| O|  |TAMS 0x0000000080800000, 0x0000000080700000| Untracked 
|   8|0x0000000080800000, 0x0000000080900000, 0x0000000080900000|100%| O|  |TAMS 0x0000000080900000, 0x0000000080800000| Untracked 
|   9|0x0000000080900000, 0x0000000080a00000, 0x0000000080a00000|100%| O|  |TAMS 0x0000000080a00000, 0x0000000080900000| Untracked 
|  10|0x0000000080a00000, 0x0000000080b00000, 0x0000000080b00000|100%| O|  |TAMS 0x0000000080b00000, 0x0000000080a00000| Untracked 
|  11|0x0000000080b00000, 0x0000000080c00000, 0x0000000080c00000|100%| O|  |TAMS 0x0000000080c00000, 0x0000000080b00000| Untracked 
|  12|0x0000000080c00000, 0x0000000080d00000, 0x0000000080d00000|100%| O|  |TAMS 0x0000000080d00000, 0x0000000080c00000| Untracked 
|  13|0x0000000080d00000, 0x0000000080e00000, 0x0000000080e00000|100%| O|  |TAMS 0x0000000080e00000, 0x0000000080d00000| Untracked 
|  14|0x0000000080e00000, 0x0000000080f00000, 0x0000000080f00000|100%| O|  |TAMS 0x0000000080f00000, 0x0000000080e00000| Untracked 
|  15|0x0000000080f00000, 0x0000000081000000, 0x0000000081000000|100%| O|  |TAMS 0x0000000081000000, 0x0000000080f00000| Untracked 
|  16|0x0000000081000000, 0x0000000081100000, 0x0000000081100000|100%| O|  |TAMS 0x0000000081100000, 0x0000000081000000| Untracked 
|  17|0x0000000081100000, 0x0000000081200000, 0x0000000081200000|100%| O|  |TAMS 0x0000000081200000, 0x0000000081100000| Untracked 
|  18|0x0000000081200000, 0x0000000081300000, 0x0000000081300000|100%| O|  |TAMS 0x0000000081300000, 0x0000000081200000| Untracked 
|  19|0x0000000081300000, 0x0000000081400000, 0x0000000081400000|100%| O|  |TAMS 0x0000000081400000, 0x0000000081300000| Untracked 
|  20|0x0000000081400000, 0x0000000081500000, 0x0000000081500000|100%| O|  |TAMS 0x0000000081500000, 0x0000000081400000| Untracked 
|  21|0x0000000081500000, 0x0000000081600000, 0x0000000081600000|100%| O|  |TAMS 0x0000000081600000, 0x0000000081500000| Untracked 
|  22|0x0000000081600000, 0x0000000081700000, 0x0000000081700000|100%| O|  |TAMS 0x0000000081700000, 0x0000000081600000| Untracked 
|  23|0x0000000081700000, 0x0000000081800000, 0x0000000081800000|100%| O|  |TAMS 0x0000000081800000, 0x0000000081700000| Untracked 
|  24|0x0000000081800000, 0x0000000081900000, 0x0000000081900000|100%| O|  |TAMS 0x0000000081900000, 0x0000000081800000| Untracked 
|  25|0x0000000081900000, 0x0000000081a00000, 0x0000000081a00000|100%| O|  |TAMS 0x0000000081a00000, 0x0000000081900000| Untracked 
|  26|0x0000000081a00000, 0x0000000081b00000, 0x0000000081b00000|100%| O|  |TAMS 0x0000000081b00000, 0x0000000081a00000| Untracked 
|  27|0x0000000081b00000, 0x0000000081c00000, 0x0000000081c00000|100%| O|  |TAMS 0x0000000081c00000, 0x0000000081b00000| Untracked 
|  28|0x0000000081c00000, 0x0000000081d00000, 0x0000000081d00000|100%| O|  |TAMS 0x0000000081d00000, 0x0000000081c00000| Untracked 
|  29|0x0000000081d00000, 0x0000000081e00000, 0x0000000081e00000|100%| O|  |TAMS 0x0000000081d00000, 0x0000000081d00000| Untracked 
|  30|0x0000000081e00000, 0x0000000081f00000, 0x0000000081f00000|100%| O|  |TAMS 0x0000000081e00000, 0x0000000081e00000| Untracked 
|  31|0x0000000081f00000, 0x0000000082000000, 0x0000000082000000|100%| O|  |TAMS 0x0000000081f00000, 0x0000000081f00000| Untracked 
|  32|0x0000000082000000, 0x0000000082100000, 0x0000000082100000|100%| O|  |TAMS 0x0000000082100000, 0x0000000082000000| Untracked 
|  33|0x0000000082100000, 0x0000000082200000, 0x0000000082200000|100%| O|  |TAMS 0x0000000082100000, 0x0000000082100000| Untracked 
|  34|0x0000000082200000, 0x0000000082300000, 0x0000000082300000|100%| O|  |TAMS 0x0000000082200000, 0x0000000082200000| Untracked 
|  35|0x0000000082300000, 0x0000000082400000, 0x0000000082400000|100%| O|  |TAMS 0x0000000082300000, 0x0000000082300000| Untracked 
|  36|0x0000000082400000, 0x0000000082500000, 0x0000000082500000|100%| O|  |TAMS 0x0000000082400000, 0x0000000082400000| Untracked 
|  37|0x0000000082500000, 0x0000000082600000, 0x0000000082600000|100%| O|  |TAMS 0x0000000082500000, 0x0000000082500000| Untracked 
|  38|0x0000000082600000, 0x0000000082700000, 0x0000000082700000|100%| O|  |TAMS 0x0000000082600000, 0x0000000082600000| Untracked 
|  39|0x0000000082700000, 0x0000000082800000, 0x0000000082800000|100%| O|  |TAMS 0x0000000082700000, 0x0000000082700000| Untracked 
|  40|0x0000000082800000, 0x0000000082900000, 0x0000000082900000|100%| O|  |TAMS 0x0000000082800000, 0x0000000082800000| Untracked 
|  41|0x0000000082900000, 0x0000000082a00000, 0x0000000082a00000|100%| O|  |TAMS 0x0000000082900000, 0x0000000082900000| Untracked 
|  42|0x0000000082a00000, 0x0000000082b00000, 0x0000000082b00000|100%| O|  |TAMS 0x0000000082a00000, 0x0000000082a00000| Untracked 
|  43|0x0000000082b00000, 0x0000000082c00000, 0x0000000082c00000|100%| O|  |TAMS 0x0000000082c00000, 0x0000000082b00000| Untracked 
|  44|0x0000000082c00000, 0x0000000082d00000, 0x0000000082d00000|100%| O|  |TAMS 0x0000000082d00000, 0x0000000082c00000| Untracked 
|  45|0x0000000082d00000, 0x0000000082e00000, 0x0000000082e00000|100%| O|  |TAMS 0x0000000082d00000, 0x0000000082d00000| Untracked 
|  46|0x0000000082e00000, 0x0000000082f00000, 0x0000000082f00000|100%| O|  |TAMS 0x0000000082e00000, 0x0000000082e00000| Untracked 
|  47|0x0000000082f00000, 0x0000000083000000, 0x0000000083000000|100%| O|  |TAMS 0x0000000082f00000, 0x0000000082f00000| Untracked 
|  48|0x0000000083000000, 0x0000000083100000, 0x0000000083100000|100%| O|  |TAMS 0x0000000083100000, 0x0000000083000000| Untracked 
|  49|0x0000000083100000, 0x0000000083200000, 0x0000000083200000|100%| O|  |TAMS 0x0000000083200000, 0x0000000083100000| Untracked 
|  50|0x0000000083200000, 0x0000000083300000, 0x0000000083300000|100%| O|  |TAMS 0x0000000083200000, 0x0000000083200000| Untracked 
|  51|0x0000000083300000, 0x0000000083400000, 0x0000000083400000|100%| O|  |TAMS 0x0000000083300000, 0x0000000083300000| Untracked 
|  52|0x0000000083400000, 0x0000000083500000, 0x0000000083500000|100%| O|  |TAMS 0x0000000083500000, 0x0000000083400000| Untracked 
|  53|0x0000000083500000, 0x0000000083600000, 0x0000000083600000|100%| O|  |TAMS 0x0000000083500000, 0x0000000083500000| Untracked 
|  54|0x0000000083600000, 0x0000000083700000, 0x0000000083700000|100%| O|  |TAMS 0x0000000083600000, 0x0000000083600000| Untracked 
|  55|0x0000000083700000, 0x0000000083800000, 0x0000000083800000|100%| O|  |TAMS 0x0000000083800000, 0x0000000083700000| Untracked 
|  56|0x0000000083800000, 0x0000000083900000, 0x0000000083900000|100%| O|  |TAMS 0x0000000083800000, 0x0000000083800000| Untracked 
|  57|0x0000000083900000, 0x0000000083a00000, 0x0000000083a00000|100%| O|  |TAMS 0x0000000083900000, 0x0000000083900000| Untracked 
|  58|0x0000000083a00000, 0x0000000083b00000, 0x0000000083b00000|100%| O|  |TAMS 0x0000000083b00000, 0x0000000083a00000| Untracked 
|  59|0x0000000083b00000, 0x0000000083c00000, 0x0000000083c00000|100%| O|  |TAMS 0x0000000083c00000, 0x0000000083b00000| Untracked 
|  60|0x0000000083c00000, 0x0000000083d00000, 0x0000000083d00000|100%| O|  |TAMS 0x0000000083d00000, 0x0000000083c00000| Untracked 
|  61|0x0000000083d00000, 0x0000000083e00000, 0x0000000083e00000|100%| O|  |TAMS 0x0000000083e00000, 0x0000000083d00000| Untracked 
|  62|0x0000000083e00000, 0x0000000083f00000, 0x0000000083f00000|100%| O|  |TAMS 0x0000000083e00000, 0x0000000083e00000| Untracked 
|  63|0x0000000083f00000, 0x0000000084000000, 0x0000000084000000|100%| O|  |TAMS 0x0000000083f00000, 0x0000000083f00000| Untracked 
|  64|0x0000000084000000, 0x0000000084100000, 0x0000000084100000|100%| O|  |TAMS 0x0000000084000000, 0x0000000084000000| Untracked 
|  65|0x0000000084100000, 0x0000000084200000, 0x0000000084200000|100%| O|  |TAMS 0x0000000084100000, 0x0000000084100000| Untracked 
|  66|0x0000000084200000, 0x0000000084300000, 0x0000000084300000|100%| O|  |TAMS 0x0000000084200000, 0x0000000084200000| Untracked 
|  67|0x0000000084300000, 0x0000000084400000, 0x0000000084400000|100%| O|  |TAMS 0x0000000084300000, 0x0000000084300000| Untracked 
|  68|0x0000000084400000, 0x0000000084500000, 0x0000000084500000|100%| O|  |TAMS 0x0000000084400000, 0x0000000084400000| Untracked 
|  69|0x0000000084500000, 0x0000000084600000, 0x0000000084600000|100%| O|  |TAMS 0x0000000084500000, 0x0000000084500000| Untracked 
|  70|0x0000000084600000, 0x0000000084700000, 0x0000000084700000|100%| O|  |TAMS 0x0000000084600000, 0x0000000084600000| Untracked 
|  71|0x0000000084700000, 0x0000000084800000, 0x0000000084800000|100%| O|  |TAMS 0x0000000084700000, 0x0000000084700000| Untracked 
|  72|0x0000000084800000, 0x0000000084900000, 0x0000000084900000|100%| O|  |TAMS 0x0000000084800000, 0x0000000084800000| Untracked 
|  73|0x0000000084900000, 0x0000000084a00000, 0x0000000084a00000|100%| O|  |TAMS 0x0000000084900000, 0x0000000084900000| Untracked 
|  74|0x0000000084a00000, 0x0000000084b00000, 0x0000000084b00000|100%| O|  |TAMS 0x0000000084a00000, 0x0000000084a00000| Untracked 
|  75|0x0000000084b00000, 0x0000000084c00000, 0x0000000084c00000|100%|HS|  |TAMS 0x0000000084b00000, 0x0000000084b00000| Complete 
|  76|0x0000000084c00000, 0x0000000084d00000, 0x0000000084d00000|100%| O|  |TAMS 0x0000000084c00000, 0x0000000084c00000| Untracked 
|  77|0x0000000084d00000, 0x0000000084e00000, 0x0000000084e00000|100%| O|  |TAMS 0x0000000084d00000, 0x0000000084d00000| Untracked 
|  78|0x0000000084e00000, 0x0000000084f00000, 0x0000000084f00000|100%| O|  |TAMS 0x0000000084e00000, 0x0000000084e00000| Untracked 
|  79|0x0000000084f00000, 0x0000000085000000, 0x0000000085000000|100%| O|  |TAMS 0x0000000084f00000, 0x0000000084f00000| Untracked 
|  80|0x0000000085000000, 0x0000000085100000, 0x0000000085100000|100%| O|  |TAMS 0x0000000085000000, 0x0000000085000000| Untracked 
|  81|0x0000000085100000, 0x0000000085200000, 0x0000000085200000|100%| O|  |TAMS 0x0000000085100000, 0x0000000085100000| Untracked 
|  82|0x0000000085200000, 0x0000000085300000, 0x0000000085300000|100%| O|  |TAMS 0x0000000085300000, 0x0000000085200000| Untracked 
|  83|0x0000000085300000, 0x0000000085400000, 0x0000000085400000|100%|HS|  |TAMS 0x0000000085300000, 0x0000000085300000| Complete 
|  84|0x0000000085400000, 0x0000000085500000, 0x0000000085500000|100%|HS|  |TAMS 0x0000000085400000, 0x0000000085400000| Complete 
|  85|0x0000000085500000, 0x0000000085600000, 0x0000000085600000|100%|HS|  |TAMS 0x0000000085500000, 0x0000000085500000| Complete 
|  86|0x0000000085600000, 0x0000000085700000, 0x0000000085700000|100%|HS|  |TAMS 0x0000000085600000, 0x0000000085600000| Complete 
|  87|0x0000000085700000, 0x0000000085800000, 0x0000000085800000|100%|HS|  |TAMS 0x0000000085700000, 0x0000000085700000| Complete 
|  88|0x0000000085800000, 0x0000000085900000, 0x0000000085900000|100%| O|  |TAMS 0x0000000085800000, 0x0000000085800000| Untracked 
|  89|0x0000000085900000, 0x0000000085a00000, 0x0000000085a00000|100%|HS|  |TAMS 0x0000000085900000, 0x0000000085900000| Complete 
|  90|0x0000000085a00000, 0x0000000085b00000, 0x0000000085b00000|100%| O|  |TAMS 0x0000000085a00000, 0x0000000085a00000| Untracked 
|  91|0x0000000085b00000, 0x0000000085c00000, 0x0000000085c00000|100%| O|  |TAMS 0x0000000085b00000, 0x0000000085b00000| Untracked 
|  92|0x0000000085c00000, 0x0000000085d00000, 0x0000000085d00000|100%| O|  |TAMS 0x0000000085c00000, 0x0000000085c00000| Untracked 
|  93|0x0000000085d00000, 0x0000000085e00000, 0x0000000085e00000|100%| O|  |TAMS 0x0000000085d00000, 0x0000000085d00000| Untracked 
|  94|0x0000000085e00000, 0x0000000085f00000, 0x0000000085f00000|100%| O|  |TAMS 0x0000000085f00000, 0x0000000085e00000| Untracked 
|  95|0x0000000085f00000, 0x0000000086000000, 0x0000000086000000|100%| O|  |TAMS 0x0000000085f00000, 0x0000000085f00000| Untracked 
|  96|0x0000000086000000, 0x0000000086100000, 0x0000000086100000|100%| O|  |TAMS 0x0000000086000000, 0x0000000086000000| Untracked 
|  97|0x0000000086100000, 0x0000000086200000, 0x0000000086200000|100%| O|  |TAMS 0x0000000086100000, 0x0000000086100000| Untracked 
|  98|0x0000000086200000, 0x0000000086300000, 0x0000000086300000|100%| O|  |TAMS 0x0000000086200000, 0x0000000086200000| Untracked 
|  99|0x0000000086300000, 0x0000000086400000, 0x0000000086400000|100%| O|  |TAMS 0x0000000086300000, 0x0000000086300000| Untracked 
| 100|0x0000000086400000, 0x0000000086500000, 0x0000000086500000|100%| O|  |TAMS 0x0000000086400000, 0x0000000086400000| Untracked 
| 101|0x0000000086500000, 0x0000000086600000, 0x0000000086600000|100%| O|  |TAMS 0x0000000086500000, 0x0000000086500000| Untracked 
| 102|0x0000000086600000, 0x0000000086700000, 0x0000000086700000|100%| O|  |TAMS 0x0000000086600000, 0x0000000086600000| Untracked 
| 103|0x0000000086700000, 0x0000000086800000, 0x0000000086800000|100%| O|  |TAMS 0x0000000086700000, 0x0000000086700000| Untracked 
| 104|0x0000000086800000, 0x0000000086900000, 0x0000000086900000|100%| O|  |TAMS 0x0000000086800000, 0x0000000086800000| Untracked 
| 105|0x0000000086900000, 0x0000000086a00000, 0x0000000086a00000|100%| O|  |TAMS 0x0000000086900000, 0x0000000086900000| Untracked 
| 106|0x0000000086a00000, 0x0000000086b00000, 0x0000000086b00000|100%| O|  |TAMS 0x0000000086a00000, 0x0000000086a00000| Untracked 
| 107|0x0000000086b00000, 0x0000000086c00000, 0x0000000086c00000|100%| O|  |TAMS 0x0000000086b00000, 0x0000000086b00000| Untracked 
| 108|0x0000000086c00000, 0x0000000086d00000, 0x0000000086d00000|100%| O|  |TAMS 0x0000000086c00000, 0x0000000086c00000| Untracked 
| 109|0x0000000086d00000, 0x0000000086e00000, 0x0000000086e00000|100%| O|  |TAMS 0x0000000086d00000, 0x0000000086d00000| Untracked 
| 110|0x0000000086e00000, 0x0000000086f00000, 0x0000000086f00000|100%| O|  |TAMS 0x0000000086e00000, 0x0000000086e00000| Untracked 
| 111|0x0000000086f00000, 0x0000000087000000, 0x0000000087000000|100%| O|  |TAMS 0x0000000086f00000, 0x0000000086f00000| Untracked 
| 112|0x0000000087000000, 0x0000000087100000, 0x0000000087100000|100%| O|  |TAMS 0x0000000087000000, 0x0000000087000000| Untracked 
| 113|0x0000000087100000, 0x0000000087200000, 0x0000000087200000|100%| O|  |TAMS 0x0000000087200000, 0x0000000087100000| Untracked 
| 114|0x0000000087200000, 0x0000000087300000, 0x0000000087300000|100%| O|  |TAMS 0x0000000087300000, 0x0000000087200000| Untracked 
| 115|0x0000000087300000, 0x0000000087400000, 0x0000000087400000|100%| O|  |TAMS 0x0000000087400000, 0x0000000087300000| Untracked 
| 116|0x0000000087400000, 0x0000000087500000, 0x0000000087500000|100%| O|  |TAMS 0x0000000087400000, 0x0000000087400000| Untracked 
| 117|0x0000000087500000, 0x0000000087600000, 0x0000000087600000|100%| O|  |TAMS 0x0000000087500000, 0x0000000087500000| Untracked 
| 118|0x0000000087600000, 0x0000000087700000, 0x0000000087700000|100%| O|  |TAMS 0x0000000087600000, 0x0000000087600000| Untracked 
| 119|0x0000000087700000, 0x0000000087800000, 0x0000000087800000|100%| O|  |TAMS 0x0000000087700000, 0x0000000087700000| Untracked 
| 120|0x0000000087800000, 0x0000000087900000, 0x0000000087900000|100%| O|  |TAMS 0x0000000087800000, 0x0000000087800000| Untracked 
| 121|0x0000000087900000, 0x0000000087a00000, 0x0000000087a00000|100%| O|  |TAMS 0x0000000087900000, 0x0000000087900000| Untracked 
| 122|0x0000000087a00000, 0x0000000087b00000, 0x0000000087b00000|100%| O|  |TAMS 0x0000000087b00000, 0x0000000087a00000| Untracked 
| 123|0x0000000087b00000, 0x0000000087c00000, 0x0000000087c00000|100%| O|  |TAMS 0x0000000087b00000, 0x0000000087b00000| Untracked 
| 124|0x0000000087c00000, 0x0000000087d00000, 0x0000000087d00000|100%| O|  |TAMS 0x0000000087c00000, 0x0000000087c00000| Untracked 
| 125|0x0000000087d00000, 0x0000000087e00000, 0x0000000087e00000|100%| O|  |TAMS 0x0000000087d00000, 0x0000000087d00000| Untracked 
| 126|0x0000000087e00000, 0x0000000087f00000, 0x0000000087f00000|100%| O|  |TAMS 0x0000000087e00000, 0x0000000087e00000| Untracked 
| 127|0x0000000087f00000, 0x0000000088000000, 0x0000000088000000|100%| O|  |TAMS 0x0000000087f00000, 0x0000000087f00000| Untracked 
| 128|0x0000000088000000, 0x0000000088100000, 0x0000000088100000|100%| O|  |TAMS 0x0000000088000000, 0x0000000088000000| Untracked 
| 129|0x0000000088100000, 0x0000000088200000, 0x0000000088200000|100%| O|  |TAMS 0x0000000088100000, 0x0000000088100000| Untracked 
| 130|0x0000000088200000, 0x0000000088300000, 0x0000000088300000|100%| O|  |TAMS 0x0000000088200000, 0x0000000088200000| Untracked 
| 131|0x0000000088300000, 0x0000000088400000, 0x0000000088400000|100%| O|  |TAMS 0x0000000088300000, 0x0000000088300000| Untracked 
| 132|0x0000000088400000, 0x0000000088500000, 0x0000000088500000|100%| O|  |TAMS 0x0000000088400000, 0x0000000088400000| Untracked 
| 133|0x0000000088500000, 0x0000000088600000, 0x0000000088600000|100%|HS|  |TAMS 0x0000000088500000, 0x0000000088500000| Complete 
| 134|0x0000000088600000, 0x0000000088600000, 0x0000000088700000|  0%| F|  |TAMS 0x0000000088600000, 0x0000000088600000| Untracked 
| 135|0x0000000088700000, 0x0000000088800000, 0x0000000088800000|100%| O|  |TAMS 0x0000000088700000, 0x0000000088700000| Untracked 
| 136|0x0000000088800000, 0x0000000088900000, 0x0000000088900000|100%| O|  |TAMS 0x0000000088800000, 0x0000000088800000| Untracked 
| 137|0x0000000088900000, 0x0000000088a00000, 0x0000000088a00000|100%| O|  |TAMS 0x0000000088900000, 0x0000000088900000| Untracked 
| 138|0x0000000088a00000, 0x0000000088b00000, 0x0000000088b00000|100%| O|  |TAMS 0x0000000088a00000, 0x0000000088a00000| Untracked 
| 139|0x0000000088b00000, 0x0000000088c00000, 0x0000000088c00000|100%| O|  |TAMS 0x0000000088b00000, 0x0000000088b00000| Untracked 
| 140|0x0000000088c00000, 0x0000000088d00000, 0x0000000088d00000|100%| O|  |TAMS 0x0000000088c00000, 0x0000000088c00000| Untracked 
| 141|0x0000000088d00000, 0x0000000088e00000, 0x0000000088e00000|100%| O|  |TAMS 0x0000000088d00000, 0x0000000088d00000| Untracked 
| 142|0x0000000088e00000, 0x0000000088f00000, 0x0000000088f00000|100%| O|  |TAMS 0x0000000088e00000, 0x0000000088e00000| Untracked 
| 143|0x0000000088f00000, 0x0000000089000000, 0x0000000089000000|100%| O|  |TAMS 0x0000000088f00000, 0x0000000088f00000| Untracked 
| 144|0x0000000089000000, 0x0000000089100000, 0x0000000089100000|100%| O|  |TAMS 0x0000000089000000, 0x0000000089000000| Untracked 
| 145|0x0000000089100000, 0x0000000089200000, 0x0000000089200000|100%| O|  |TAMS 0x0000000089100000, 0x0000000089100000| Untracked 
| 146|0x0000000089200000, 0x0000000089300000, 0x0000000089300000|100%| O|  |TAMS 0x0000000089200000, 0x0000000089200000| Untracked 
| 147|0x0000000089300000, 0x0000000089400000, 0x0000000089400000|100%| O|  |TAMS 0x0000000089300000, 0x0000000089300000| Untracked 
| 148|0x0000000089400000, 0x0000000089500000, 0x0000000089500000|100%| O|  |TAMS 0x0000000089400000, 0x0000000089400000| Untracked 
| 149|0x0000000089500000, 0x0000000089600000, 0x0000000089600000|100%|HS|  |TAMS 0x0000000089600000, 0x0000000089500000| Complete 
| 150|0x0000000089600000, 0x0000000089700000, 0x0000000089700000|100%| O|  |TAMS 0x0000000089700000, 0x0000000089600000| Untracked 
| 151|0x0000000089700000, 0x0000000089800000, 0x0000000089800000|100%| O|  |TAMS 0x0000000089800000, 0x0000000089700000| Untracked 
| 152|0x0000000089800000, 0x0000000089900000, 0x0000000089900000|100%| O|  |TAMS 0x0000000089900000, 0x0000000089800000| Untracked 
| 153|0x0000000089900000, 0x0000000089a00000, 0x0000000089a00000|100%| O|  |TAMS 0x0000000089a00000, 0x0000000089900000| Untracked 
| 154|0x0000000089a00000, 0x0000000089b00000, 0x0000000089b00000|100%| O|  |TAMS 0x0000000089b00000, 0x0000000089a00000| Untracked 
| 155|0x0000000089b00000, 0x0000000089c00000, 0x0000000089c00000|100%| O|  |TAMS 0x0000000089c00000, 0x0000000089b00000| Untracked 
| 156|0x0000000089c00000, 0x0000000089d00000, 0x0000000089d00000|100%| O|  |TAMS 0x0000000089c00000, 0x0000000089c00000| Untracked 
| 157|0x0000000089d00000, 0x0000000089e00000, 0x0000000089e00000|100%| O|  |TAMS 0x0000000089d00000, 0x0000000089d00000| Untracked 
| 158|0x0000000089e00000, 0x0000000089f00000, 0x0000000089f00000|100%| O|  |TAMS 0x0000000089e00000, 0x0000000089e00000| Untracked 
| 159|0x0000000089f00000, 0x000000008a000000, 0x000000008a000000|100%| O|  |TAMS 0x000000008a000000, 0x0000000089f00000| Untracked 
| 160|0x000000008a000000, 0x000000008a100000, 0x000000008a100000|100%| O|  |TAMS 0x000000008a100000, 0x000000008a000000| Untracked 
| 161|0x000000008a100000, 0x000000008a200000, 0x000000008a200000|100%| O|  |TAMS 0x000000008a200000, 0x000000008a100000| Untracked 
| 162|0x000000008a200000, 0x000000008a300000, 0x000000008a300000|100%| O|  |TAMS 0x000000008a300000, 0x000000008a200000| Untracked 
| 163|0x000000008a300000, 0x000000008a400000, 0x000000008a400000|100%| O|  |TAMS 0x000000008a400000, 0x000000008a300000| Untracked 
| 164|0x000000008a400000, 0x000000008a500000, 0x000000008a500000|100%| O|  |TAMS 0x000000008a500000, 0x000000008a400000| Untracked 
| 165|0x000000008a500000, 0x000000008a600000, 0x000000008a600000|100%| O|  |TAMS 0x000000008a600000, 0x000000008a500000| Untracked 
| 166|0x000000008a600000, 0x000000008a700000, 0x000000008a700000|100%| O|  |TAMS 0x000000008a700000, 0x000000008a600000| Untracked 
| 167|0x000000008a700000, 0x000000008a800000, 0x000000008a800000|100%| O|  |TAMS 0x000000008a800000, 0x000000008a700000| Untracked 
| 168|0x000000008a800000, 0x000000008a900000, 0x000000008a900000|100%| O|  |TAMS 0x000000008a900000, 0x000000008a800000| Untracked 
| 169|0x000000008a900000, 0x000000008aa00000, 0x000000008aa00000|100%| O|  |TAMS 0x000000008aa00000, 0x000000008a900000| Untracked 
| 170|0x000000008aa00000, 0x000000008ab00000, 0x000000008ab00000|100%| O|  |TAMS 0x000000008aa00000, 0x000000008aa00000| Untracked 
| 171|0x000000008ab00000, 0x000000008ac00000, 0x000000008ac00000|100%| O|  |TAMS 0x000000008ac00000, 0x000000008ab00000| Untracked 
| 172|0x000000008ac00000, 0x000000008ad00000, 0x000000008ad00000|100%| O|  |TAMS 0x000000008ad00000, 0x000000008ac00000| Untracked 
| 173|0x000000008ad00000, 0x000000008ae00000, 0x000000008ae00000|100%| O|  |TAMS 0x000000008ae00000, 0x000000008ad00000| Untracked 
| 174|0x000000008ae00000, 0x000000008af00000, 0x000000008af00000|100%| O|  |TAMS 0x000000008af00000, 0x000000008ae00000| Untracked 
| 175|0x000000008af00000, 0x000000008b000000, 0x000000008b000000|100%| O|  |TAMS 0x000000008b000000, 0x000000008af00000| Untracked 
| 176|0x000000008b000000, 0x000000008b100000, 0x000000008b100000|100%| O|  |TAMS 0x000000008b000000, 0x000000008b000000| Untracked 
| 177|0x000000008b100000, 0x000000008b200000, 0x000000008b200000|100%| O|  |TAMS 0x000000008b100000, 0x000000008b100000| Untracked 
| 178|0x000000008b200000, 0x000000008b300000, 0x000000008b300000|100%| O|  |TAMS 0x000000008b200000, 0x000000008b200000| Untracked 
| 179|0x000000008b300000, 0x000000008b400000, 0x000000008b400000|100%| O|  |TAMS 0x000000008b300000, 0x000000008b300000| Untracked 
| 180|0x000000008b400000, 0x000000008b500000, 0x000000008b500000|100%| O|  |TAMS 0x000000008b500000, 0x000000008b400000| Untracked 
| 181|0x000000008b500000, 0x000000008b600000, 0x000000008b600000|100%| O|  |TAMS 0x000000008b600000, 0x000000008b500000| Untracked 
| 182|0x000000008b600000, 0x000000008b700000, 0x000000008b700000|100%| O|  |TAMS 0x000000008b700000, 0x000000008b600000| Untracked 
| 183|0x000000008b700000, 0x000000008b800000, 0x000000008b800000|100%| O|  |TAMS 0x000000008b800000, 0x000000008b700000| Untracked 
| 184|0x000000008b800000, 0x000000008b900000, 0x000000008b900000|100%| O|  |TAMS 0x000000008b800000, 0x000000008b800000| Untracked 
| 185|0x000000008b900000, 0x000000008ba00000, 0x000000008ba00000|100%| O|  |TAMS 0x000000008b900000, 0x000000008b900000| Untracked 
| 186|0x000000008ba00000, 0x000000008bb00000, 0x000000008bb00000|100%| O|  |TAMS 0x000000008ba00000, 0x000000008ba00000| Untracked 
| 187|0x000000008bb00000, 0x000000008bc00000, 0x000000008bc00000|100%| O|  |TAMS 0x000000008bb00000, 0x000000008bb00000| Untracked 
| 188|0x000000008bc00000, 0x000000008bd00000, 0x000000008bd00000|100%| O|  |TAMS 0x000000008bc00000, 0x000000008bc00000| Untracked 
| 189|0x000000008bd00000, 0x000000008be00000, 0x000000008be00000|100%| O|  |TAMS 0x000000008bd00000, 0x000000008bd00000| Untracked 
| 190|0x000000008be00000, 0x000000008bf00000, 0x000000008bf00000|100%| O|  |TAMS 0x000000008be00000, 0x000000008be00000| Untracked 
| 191|0x000000008bf00000, 0x000000008c000000, 0x000000008c000000|100%| O|  |TAMS 0x000000008bf00000, 0x000000008bf00000| Untracked 
| 192|0x000000008c000000, 0x000000008c100000, 0x000000008c100000|100%| O|  |TAMS 0x000000008c000000, 0x000000008c000000| Untracked 
| 193|0x000000008c100000, 0x000000008c200000, 0x000000008c200000|100%| O|  |TAMS 0x000000008c100000, 0x000000008c100000| Untracked 
| 194|0x000000008c200000, 0x000000008c271c00, 0x000000008c300000| 44%| O|  |TAMS 0x000000008c200000, 0x000000008c200000| Untracked 
| 195|0x000000008c300000, 0x000000008c400000, 0x000000008c400000|100%|HS|  |TAMS 0x000000008c300000, 0x000000008c300000| Complete 
| 196|0x000000008c400000, 0x000000008c500000, 0x000000008c500000|100%|HC|  |TAMS 0x000000008c400000, 0x000000008c400000| Complete 
| 197|0x000000008c500000, 0x000000008c500000, 0x000000008c600000|  0%| F|  |TAMS 0x000000008c500000, 0x000000008c500000| Untracked 
| 198|0x000000008c600000, 0x000000008c600000, 0x000000008c700000|  0%| F|  |TAMS 0x000000008c600000, 0x000000008c600000| Untracked 
| 199|0x000000008c700000, 0x000000008c700000, 0x000000008c800000|  0%| F|  |TAMS 0x000000008c700000, 0x000000008c700000| Untracked 
| 200|0x000000008c800000, 0x000000008c800000, 0x000000008c900000|  0%| F|  |TAMS 0x000000008c800000, 0x000000008c800000| Untracked 
| 201|0x000000008c900000, 0x000000008c900000, 0x000000008ca00000|  0%| F|  |TAMS 0x000000008c900000, 0x000000008c900000| Untracked 
| 202|0x000000008ca00000, 0x000000008ca00000, 0x000000008cb00000|  0%| F|  |TAMS 0x000000008ca00000, 0x000000008ca00000| Untracked 
| 203|0x000000008cb00000, 0x000000008cb00000, 0x000000008cc00000|  0%| F|  |TAMS 0x000000008cb00000, 0x000000008cb00000| Untracked 
| 204|0x000000008cc00000, 0x000000008cc00000, 0x000000008cd00000|  0%| F|  |TAMS 0x000000008cc00000, 0x000000008cc00000| Untracked 
| 205|0x000000008cd00000, 0x000000008cd00000, 0x000000008ce00000|  0%| F|  |TAMS 0x000000008cd00000, 0x000000008cd00000| Untracked 
| 206|0x000000008ce00000, 0x000000008ce00000, 0x000000008cf00000|  0%| F|  |TAMS 0x000000008ce00000, 0x000000008ce00000| Untracked 
| 207|0x000000008cf00000, 0x000000008cf00000, 0x000000008d000000|  0%| F|  |TAMS 0x000000008cf00000, 0x000000008cf00000| Untracked 
| 208|0x000000008d000000, 0x000000008d000000, 0x000000008d100000|  0%| F|  |TAMS 0x000000008d000000, 0x000000008d000000| Untracked 
| 209|0x000000008d100000, 0x000000008d100000, 0x000000008d200000|  0%| F|  |TAMS 0x000000008d100000, 0x000000008d100000| Untracked 
| 210|0x000000008d200000, 0x000000008d200000, 0x000000008d300000|  0%| F|  |TAMS 0x000000008d200000, 0x000000008d200000| Untracked 
| 211|0x000000008d300000, 0x000000008d300000, 0x000000008d400000|  0%| F|  |TAMS 0x000000008d300000, 0x000000008d300000| Untracked 
| 212|0x000000008d400000, 0x000000008d400000, 0x000000008d500000|  0%| F|  |TAMS 0x000000008d400000, 0x000000008d400000| Untracked 
| 213|0x000000008d500000, 0x000000008d500000, 0x000000008d600000|  0%| F|  |TAMS 0x000000008d500000, 0x000000008d500000| Untracked 
| 214|0x000000008d600000, 0x000000008d600000, 0x000000008d700000|  0%| F|  |TAMS 0x000000008d600000, 0x000000008d600000| Untracked 
| 215|0x000000008d700000, 0x000000008d700000, 0x000000008d800000|  0%| F|  |TAMS 0x000000008d700000, 0x000000008d700000| Untracked 
| 216|0x000000008d800000, 0x000000008d800000, 0x000000008d900000|  0%| F|  |TAMS 0x000000008d800000, 0x000000008d800000| Untracked 
| 217|0x000000008d900000, 0x000000008d900000, 0x000000008da00000|  0%| F|  |TAMS 0x000000008d900000, 0x000000008d900000| Untracked 
| 218|0x000000008da00000, 0x000000008da00000, 0x000000008db00000|  0%| F|  |TAMS 0x000000008da00000, 0x000000008da00000| Untracked 
| 219|0x000000008db00000, 0x000000008db00000, 0x000000008dc00000|  0%| F|  |TAMS 0x000000008db00000, 0x000000008db00000| Untracked 
| 220|0x000000008dc00000, 0x000000008dc00000, 0x000000008dd00000|  0%| F|  |TAMS 0x000000008dc00000, 0x000000008dc00000| Untracked 
| 221|0x000000008dd00000, 0x000000008dd00000, 0x000000008de00000|  0%| F|  |TAMS 0x000000008dd00000, 0x000000008dd00000| Untracked 
| 222|0x000000008de00000, 0x000000008de00000, 0x000000008df00000|  0%| F|  |TAMS 0x000000008de00000, 0x000000008de00000| Untracked 
| 223|0x000000008df00000, 0x000000008df00000, 0x000000008e000000|  0%| F|  |TAMS 0x000000008df00000, 0x000000008df00000| Untracked 
| 224|0x000000008e000000, 0x000000008e000000, 0x000000008e100000|  0%| F|  |TAMS 0x000000008e000000, 0x000000008e000000| Untracked 
| 225|0x000000008e100000, 0x000000008e100000, 0x000000008e200000|  0%| F|  |TAMS 0x000000008e100000, 0x000000008e100000| Untracked 
| 226|0x000000008e200000, 0x000000008e200000, 0x000000008e300000|  0%| F|  |TAMS 0x000000008e200000, 0x000000008e200000| Untracked 
| 227|0x000000008e300000, 0x000000008e300000, 0x000000008e400000|  0%| F|  |TAMS 0x000000008e300000, 0x000000008e300000| Untracked 
| 228|0x000000008e400000, 0x000000008e400000, 0x000000008e500000|  0%| F|  |TAMS 0x000000008e400000, 0x000000008e400000| Untracked 
| 229|0x000000008e500000, 0x000000008e500000, 0x000000008e600000|  0%| F|  |TAMS 0x000000008e500000, 0x000000008e500000| Untracked 
| 230|0x000000008e600000, 0x000000008e600000, 0x000000008e700000|  0%| F|  |TAMS 0x000000008e600000, 0x000000008e600000| Untracked 
| 231|0x000000008e700000, 0x000000008e700000, 0x000000008e800000|  0%| F|  |TAMS 0x000000008e700000, 0x000000008e700000| Untracked 
| 232|0x000000008e800000, 0x000000008e800000, 0x000000008e900000|  0%| F|  |TAMS 0x000000008e800000, 0x000000008e800000| Untracked 
| 233|0x000000008e900000, 0x000000008e900000, 0x000000008ea00000|  0%| F|  |TAMS 0x000000008e900000, 0x000000008e900000| Untracked 
| 234|0x000000008ea00000, 0x000000008ea00000, 0x000000008eb00000|  0%| F|  |TAMS 0x000000008ea00000, 0x000000008ea00000| Untracked 
| 235|0x000000008eb00000, 0x000000008eb00000, 0x000000008ec00000|  0%| F|  |TAMS 0x000000008eb00000, 0x000000008eb00000| Untracked 
| 236|0x000000008ec00000, 0x000000008ec00000, 0x000000008ed00000|  0%| F|  |TAMS 0x000000008ec00000, 0x000000008ec00000| Untracked 
| 237|0x000000008ed00000, 0x000000008ed00000, 0x000000008ee00000|  0%| F|  |TAMS 0x000000008ed00000, 0x000000008ed00000| Untracked 
| 238|0x000000008ee00000, 0x000000008ee00000, 0x000000008ef00000|  0%| F|  |TAMS 0x000000008ee00000, 0x000000008ee00000| Untracked 
| 239|0x000000008ef00000, 0x000000008ef00000, 0x000000008f000000|  0%| F|  |TAMS 0x000000008ef00000, 0x000000008ef00000| Untracked 
| 240|0x000000008f000000, 0x000000008f000000, 0x000000008f100000|  0%| F|  |TAMS 0x000000008f000000, 0x000000008f000000| Untracked 
| 241|0x000000008f100000, 0x000000008f100000, 0x000000008f200000|  0%| F|  |TAMS 0x000000008f100000, 0x000000008f100000| Untracked 
| 242|0x000000008f200000, 0x000000008f200000, 0x000000008f300000|  0%| F|  |TAMS 0x000000008f200000, 0x000000008f200000| Untracked 
| 243|0x000000008f300000, 0x000000008f300000, 0x000000008f400000|  0%| F|  |TAMS 0x000000008f300000, 0x000000008f300000| Untracked 
| 244|0x000000008f400000, 0x000000008f400000, 0x000000008f500000|  0%| F|  |TAMS 0x000000008f400000, 0x000000008f400000| Untracked 
| 245|0x000000008f500000, 0x000000008f500000, 0x000000008f600000|  0%| F|  |TAMS 0x000000008f500000, 0x000000008f500000| Untracked 
| 246|0x000000008f600000, 0x000000008f600000, 0x000000008f700000|  0%| F|  |TAMS 0x000000008f600000, 0x000000008f600000| Untracked 
| 247|0x000000008f700000, 0x000000008f700000, 0x000000008f800000|  0%| F|  |TAMS 0x000000008f700000, 0x000000008f700000| Untracked 
| 248|0x000000008f800000, 0x000000008f800000, 0x000000008f900000|  0%| F|  |TAMS 0x000000008f800000, 0x000000008f800000| Untracked 
| 249|0x000000008f900000, 0x000000008f900000, 0x000000008fa00000|  0%| F|  |TAMS 0x000000008f900000, 0x000000008f900000| Untracked 
| 250|0x000000008fa00000, 0x000000008fa00000, 0x000000008fb00000|  0%| F|  |TAMS 0x000000008fa00000, 0x000000008fa00000| Untracked 
| 251|0x000000008fb00000, 0x000000008fb00000, 0x000000008fc00000|  0%| F|  |TAMS 0x000000008fb00000, 0x000000008fb00000| Untracked 
| 252|0x000000008fc00000, 0x000000008fc00000, 0x000000008fd00000|  0%| F|  |TAMS 0x000000008fc00000, 0x000000008fc00000| Untracked 
| 253|0x000000008fd00000, 0x000000008fd00000, 0x000000008fe00000|  0%| F|  |TAMS 0x000000008fd00000, 0x000000008fd00000| Untracked 
| 254|0x000000008fe00000, 0x000000008fe00000, 0x000000008ff00000|  0%| F|  |TAMS 0x000000008fe00000, 0x000000008fe00000| Untracked 
| 255|0x000000008ff00000, 0x000000008ff00000, 0x0000000090000000|  0%| F|  |TAMS 0x000000008ff00000, 0x000000008ff00000| Untracked 
| 256|0x0000000090000000, 0x0000000090000000, 0x0000000090100000|  0%| F|  |TAMS 0x0000000090000000, 0x0000000090000000| Untracked 
| 257|0x0000000090100000, 0x0000000090100000, 0x0000000090200000|  0%| F|  |TAMS 0x0000000090100000, 0x0000000090100000| Untracked 
| 258|0x0000000090200000, 0x0000000090200000, 0x0000000090300000|  0%| F|  |TAMS 0x0000000090200000, 0x0000000090200000| Untracked 
| 259|0x0000000090300000, 0x0000000090300000, 0x0000000090400000|  0%| F|  |TAMS 0x0000000090300000, 0x0000000090300000| Untracked 
| 260|0x0000000090400000, 0x0000000090400000, 0x0000000090500000|  0%| F|  |TAMS 0x0000000090400000, 0x0000000090400000| Untracked 
| 261|0x0000000090500000, 0x0000000090500000, 0x0000000090600000|  0%| F|  |TAMS 0x0000000090500000, 0x0000000090500000| Untracked 
| 262|0x0000000090600000, 0x0000000090600000, 0x0000000090700000|  0%| F|  |TAMS 0x0000000090600000, 0x0000000090600000| Untracked 
| 263|0x0000000090700000, 0x0000000090700000, 0x0000000090800000|  0%| F|  |TAMS 0x0000000090700000, 0x0000000090700000| Untracked 
| 264|0x0000000090800000, 0x0000000090800000, 0x0000000090900000|  0%| F|  |TAMS 0x0000000090800000, 0x0000000090800000| Untracked 
| 265|0x0000000090900000, 0x0000000090a00000, 0x0000000090a00000|100%| S|CS|TAMS 0x0000000090900000, 0x0000000090900000| Complete 
| 266|0x0000000090a00000, 0x0000000090b00000, 0x0000000090b00000|100%| S|CS|TAMS 0x0000000090a00000, 0x0000000090a00000| Complete 
| 267|0x0000000090b00000, 0x0000000090c00000, 0x0000000090c00000|100%| S|CS|TAMS 0x0000000090b00000, 0x0000000090b00000| Complete 
| 268|0x0000000090c00000, 0x0000000090d00000, 0x0000000090d00000|100%| S|CS|TAMS 0x0000000090c00000, 0x0000000090c00000| Complete 
| 269|0x0000000090d00000, 0x0000000090e00000, 0x0000000090e00000|100%| S|CS|TAMS 0x0000000090d00000, 0x0000000090d00000| Complete 
| 270|0x0000000090e00000, 0x0000000090f00000, 0x0000000090f00000|100%| S|CS|TAMS 0x0000000090e00000, 0x0000000090e00000| Complete 
| 271|0x0000000090f00000, 0x0000000091000000, 0x0000000091000000|100%| S|CS|TAMS 0x0000000090f00000, 0x0000000090f00000| Complete 
| 272|0x0000000091000000, 0x0000000091000000, 0x0000000091100000|  0%| F|  |TAMS 0x0000000091000000, 0x0000000091000000| Untracked 
| 273|0x0000000091100000, 0x0000000091100000, 0x0000000091200000|  0%| F|  |TAMS 0x0000000091100000, 0x0000000091100000| Untracked 
| 274|0x0000000091200000, 0x0000000091200000, 0x0000000091300000|  0%| F|  |TAMS 0x0000000091200000, 0x0000000091200000| Untracked 
| 275|0x0000000091300000, 0x0000000091400000, 0x0000000091400000|100%| S|CS|TAMS 0x0000000091300000, 0x0000000091300000| Complete 
| 276|0x0000000091400000, 0x0000000091500000, 0x0000000091500000|100%| S|CS|TAMS 0x0000000091400000, 0x0000000091400000| Complete 
| 277|0x0000000091500000, 0x0000000091600000, 0x0000000091600000|100%| S|CS|TAMS 0x0000000091500000, 0x0000000091500000| Complete 
| 278|0x0000000091600000, 0x0000000091600000, 0x0000000091700000|  0%| F|  |TAMS 0x0000000091600000, 0x0000000091600000| Untracked 
| 279|0x0000000091700000, 0x0000000091700000, 0x0000000091800000|  0%| F|  |TAMS 0x0000000091700000, 0x0000000091700000| Untracked 
| 280|0x0000000091800000, 0x0000000091800000, 0x0000000091900000|  0%| F|  |TAMS 0x0000000091800000, 0x0000000091800000| Untracked 
| 281|0x0000000091900000, 0x0000000091900000, 0x0000000091a00000|  0%| F|  |TAMS 0x0000000091900000, 0x0000000091900000| Untracked 
| 282|0x0000000091a00000, 0x0000000091a00000, 0x0000000091b00000|  0%| F|  |TAMS 0x0000000091a00000, 0x0000000091a00000| Untracked 
| 283|0x0000000091b00000, 0x0000000091b00000, 0x0000000091c00000|  0%| F|  |TAMS 0x0000000091b00000, 0x0000000091b00000| Untracked 
| 284|0x0000000091c00000, 0x0000000091c00000, 0x0000000091d00000|  0%| F|  |TAMS 0x0000000091c00000, 0x0000000091c00000| Untracked 
| 285|0x0000000091d00000, 0x0000000091d00000, 0x0000000091e00000|  0%| F|  |TAMS 0x0000000091d00000, 0x0000000091d00000| Untracked 
| 286|0x0000000091e00000, 0x0000000091e00000, 0x0000000091f00000|  0%| F|  |TAMS 0x0000000091e00000, 0x0000000091e00000| Untracked 
| 287|0x0000000091f00000, 0x0000000091f00000, 0x0000000092000000|  0%| F|  |TAMS 0x0000000091f00000, 0x0000000091f00000| Untracked 
| 288|0x0000000092000000, 0x0000000092000000, 0x0000000092100000|  0%| F|  |TAMS 0x0000000092000000, 0x0000000092000000| Untracked 
| 289|0x0000000092100000, 0x0000000092100000, 0x0000000092200000|  0%| F|  |TAMS 0x0000000092100000, 0x0000000092100000| Untracked 
| 290|0x0000000092200000, 0x0000000092200000, 0x0000000092300000|  0%| F|  |TAMS 0x0000000092200000, 0x0000000092200000| Untracked 
| 291|0x0000000092300000, 0x0000000092300000, 0x0000000092400000|  0%| F|  |TAMS 0x0000000092300000, 0x0000000092300000| Untracked 
| 292|0x0000000092400000, 0x0000000092400000, 0x0000000092500000|  0%| F|  |TAMS 0x0000000092400000, 0x0000000092400000| Untracked 
| 293|0x0000000092500000, 0x0000000092500000, 0x0000000092600000|  0%| F|  |TAMS 0x0000000092500000, 0x0000000092500000| Untracked 
| 294|0x0000000092600000, 0x0000000092600000, 0x0000000092700000|  0%| F|  |TAMS 0x0000000092600000, 0x0000000092600000| Untracked 
| 295|0x0000000092700000, 0x0000000092700000, 0x0000000092800000|  0%| F|  |TAMS 0x0000000092700000, 0x0000000092700000| Untracked 
| 296|0x0000000092800000, 0x0000000092800000, 0x0000000092900000|  0%| F|  |TAMS 0x0000000092800000, 0x0000000092800000| Untracked 
| 297|0x0000000092900000, 0x0000000092900000, 0x0000000092a00000|  0%| F|  |TAMS 0x0000000092900000, 0x0000000092900000| Untracked 
| 298|0x0000000092a00000, 0x0000000092a00000, 0x0000000092b00000|  0%| F|  |TAMS 0x0000000092a00000, 0x0000000092a00000| Untracked 
| 299|0x0000000092b00000, 0x0000000092b00000, 0x0000000092c00000|  0%| F|  |TAMS 0x0000000092b00000, 0x0000000092b00000| Untracked 
| 300|0x0000000092c00000, 0x0000000092c00000, 0x0000000092d00000|  0%| F|  |TAMS 0x0000000092c00000, 0x0000000092c00000| Untracked 
| 301|0x0000000092d00000, 0x0000000092d00000, 0x0000000092e00000|  0%| F|  |TAMS 0x0000000092d00000, 0x0000000092d00000| Untracked 
| 302|0x0000000092e00000, 0x0000000092e00000, 0x0000000092f00000|  0%| F|  |TAMS 0x0000000092e00000, 0x0000000092e00000| Untracked 
| 303|0x0000000092f00000, 0x0000000092f00000, 0x0000000093000000|  0%| F|  |TAMS 0x0000000092f00000, 0x0000000092f00000| Untracked 
| 304|0x0000000093000000, 0x0000000093000000, 0x0000000093100000|  0%| F|  |TAMS 0x0000000093000000, 0x0000000093000000| Untracked 
| 305|0x0000000093100000, 0x0000000093100000, 0x0000000093200000|  0%| F|  |TAMS 0x0000000093100000, 0x0000000093100000| Untracked 
| 306|0x0000000093200000, 0x0000000093200000, 0x0000000093300000|  0%| F|  |TAMS 0x0000000093200000, 0x0000000093200000| Untracked 
| 307|0x0000000093300000, 0x0000000093300000, 0x0000000093400000|  0%| F|  |TAMS 0x0000000093300000, 0x0000000093300000| Untracked 
| 308|0x0000000093400000, 0x0000000093400000, 0x0000000093500000|  0%| F|  |TAMS 0x0000000093400000, 0x0000000093400000| Untracked 
| 309|0x0000000093500000, 0x0000000093500000, 0x0000000093600000|  0%| F|  |TAMS 0x0000000093500000, 0x0000000093500000| Untracked 
| 310|0x0000000093600000, 0x0000000093600000, 0x0000000093700000|  0%| F|  |TAMS 0x0000000093600000, 0x0000000093600000| Untracked 
| 311|0x0000000093700000, 0x0000000093700000, 0x0000000093800000|  0%| F|  |TAMS 0x0000000093700000, 0x0000000093700000| Untracked 
| 312|0x0000000093800000, 0x0000000093800000, 0x0000000093900000|  0%| F|  |TAMS 0x0000000093800000, 0x0000000093800000| Untracked 
| 313|0x0000000093900000, 0x0000000093900000, 0x0000000093a00000|  0%| F|  |TAMS 0x0000000093900000, 0x0000000093900000| Untracked 
| 314|0x0000000093a00000, 0x0000000093a00000, 0x0000000093b00000|  0%| F|  |TAMS 0x0000000093a00000, 0x0000000093a00000| Untracked 
| 315|0x0000000093b00000, 0x0000000093b00000, 0x0000000093c00000|  0%| F|  |TAMS 0x0000000093b00000, 0x0000000093b00000| Untracked 
| 316|0x0000000093c00000, 0x0000000093c00000, 0x0000000093d00000|  0%| F|  |TAMS 0x0000000093c00000, 0x0000000093c00000| Untracked 
| 317|0x0000000093d00000, 0x0000000093d00000, 0x0000000093e00000|  0%| F|  |TAMS 0x0000000093d00000, 0x0000000093d00000| Untracked 
| 318|0x0000000093e00000, 0x0000000093e00000, 0x0000000093f00000|  0%| F|  |TAMS 0x0000000093e00000, 0x0000000093e00000| Untracked 
| 319|0x0000000093f00000, 0x0000000093f00000, 0x0000000094000000|  0%| F|  |TAMS 0x0000000093f00000, 0x0000000093f00000| Untracked 
| 320|0x0000000094000000, 0x0000000094000000, 0x0000000094100000|  0%| F|  |TAMS 0x0000000094000000, 0x0000000094000000| Untracked 
| 321|0x0000000094100000, 0x0000000094100000, 0x0000000094200000|  0%| F|  |TAMS 0x0000000094100000, 0x0000000094100000| Untracked 
| 322|0x0000000094200000, 0x0000000094200000, 0x0000000094300000|  0%| F|  |TAMS 0x0000000094200000, 0x0000000094200000| Untracked 
| 323|0x0000000094300000, 0x0000000094300000, 0x0000000094400000|  0%| F|  |TAMS 0x0000000094300000, 0x0000000094300000| Untracked 
| 324|0x0000000094400000, 0x0000000094400000, 0x0000000094500000|  0%| F|  |TAMS 0x0000000094400000, 0x0000000094400000| Untracked 
| 325|0x0000000094500000, 0x0000000094500000, 0x0000000094600000|  0%| F|  |TAMS 0x0000000094500000, 0x0000000094500000| Untracked 
| 326|0x0000000094600000, 0x0000000094600000, 0x0000000094700000|  0%| F|  |TAMS 0x0000000094600000, 0x0000000094600000| Untracked 
| 327|0x0000000094700000, 0x0000000094700000, 0x0000000094800000|  0%| F|  |TAMS 0x0000000094700000, 0x0000000094700000| Untracked 
| 328|0x0000000094800000, 0x0000000094800000, 0x0000000094900000|  0%| F|  |TAMS 0x0000000094800000, 0x0000000094800000| Untracked 
| 329|0x0000000094900000, 0x0000000094900000, 0x0000000094a00000|  0%| F|  |TAMS 0x0000000094900000, 0x0000000094900000| Untracked 
| 330|0x0000000094a00000, 0x0000000094a00000, 0x0000000094b00000|  0%| F|  |TAMS 0x0000000094a00000, 0x0000000094a00000| Untracked 
| 331|0x0000000094b00000, 0x0000000094b00000, 0x0000000094c00000|  0%| F|  |TAMS 0x0000000094b00000, 0x0000000094b00000| Untracked 
| 332|0x0000000094c00000, 0x0000000094c00000, 0x0000000094d00000|  0%| F|  |TAMS 0x0000000094c00000, 0x0000000094c00000| Untracked 
| 333|0x0000000094d00000, 0x0000000094d00000, 0x0000000094e00000|  0%| F|  |TAMS 0x0000000094d00000, 0x0000000094d00000| Untracked 
| 334|0x0000000094e00000, 0x0000000094e00000, 0x0000000094f00000|  0%| F|  |TAMS 0x0000000094e00000, 0x0000000094e00000| Untracked 
| 335|0x0000000094f00000, 0x0000000094f00000, 0x0000000095000000|  0%| F|  |TAMS 0x0000000094f00000, 0x0000000094f00000| Untracked 
| 336|0x0000000095000000, 0x0000000095000000, 0x0000000095100000|  0%| F|  |TAMS 0x0000000095000000, 0x0000000095000000| Untracked 
| 337|0x0000000095100000, 0x0000000095100000, 0x0000000095200000|  0%| F|  |TAMS 0x0000000095100000, 0x0000000095100000| Untracked 
| 338|0x0000000095200000, 0x0000000095200000, 0x0000000095300000|  0%| F|  |TAMS 0x0000000095200000, 0x0000000095200000| Untracked 
| 339|0x0000000095300000, 0x0000000095300000, 0x0000000095400000|  0%| F|  |TAMS 0x0000000095300000, 0x0000000095300000| Untracked 
| 340|0x0000000095400000, 0x0000000095400000, 0x0000000095500000|  0%| F|  |TAMS 0x0000000095400000, 0x0000000095400000| Untracked 
| 341|0x0000000095500000, 0x0000000095500000, 0x0000000095600000|  0%| F|  |TAMS 0x0000000095500000, 0x0000000095500000| Untracked 
| 342|0x0000000095600000, 0x0000000095600000, 0x0000000095700000|  0%| F|  |TAMS 0x0000000095600000, 0x0000000095600000| Untracked 
| 343|0x0000000095700000, 0x0000000095700000, 0x0000000095800000|  0%| F|  |TAMS 0x0000000095700000, 0x0000000095700000| Untracked 
| 344|0x0000000095800000, 0x0000000095800000, 0x0000000095900000|  0%| F|  |TAMS 0x0000000095800000, 0x0000000095800000| Untracked 
| 345|0x0000000095900000, 0x0000000095900000, 0x0000000095a00000|  0%| F|  |TAMS 0x0000000095900000, 0x0000000095900000| Untracked 
| 346|0x0000000095a00000, 0x0000000095a00000, 0x0000000095b00000|  0%| F|  |TAMS 0x0000000095a00000, 0x0000000095a00000| Untracked 
| 347|0x0000000095b00000, 0x0000000095b00000, 0x0000000095c00000|  0%| F|  |TAMS 0x0000000095b00000, 0x0000000095b00000| Untracked 
| 348|0x0000000095c00000, 0x0000000095c00000, 0x0000000095d00000|  0%| F|  |TAMS 0x0000000095c00000, 0x0000000095c00000| Untracked 
| 349|0x0000000095d00000, 0x0000000095d00000, 0x0000000095e00000|  0%| F|  |TAMS 0x0000000095d00000, 0x0000000095d00000| Untracked 
| 350|0x0000000095e00000, 0x0000000095e00000, 0x0000000095f00000|  0%| F|  |TAMS 0x0000000095e00000, 0x0000000095e00000| Untracked 
| 351|0x0000000095f00000, 0x0000000095f00000, 0x0000000096000000|  0%| F|  |TAMS 0x0000000095f00000, 0x0000000095f00000| Untracked 
| 352|0x0000000096000000, 0x0000000096000000, 0x0000000096100000|  0%| F|  |TAMS 0x0000000096000000, 0x0000000096000000| Untracked 
| 353|0x0000000096100000, 0x0000000096100000, 0x0000000096200000|  0%| F|  |TAMS 0x0000000096100000, 0x0000000096100000| Untracked 
| 354|0x0000000096200000, 0x0000000096200000, 0x0000000096300000|  0%| F|  |TAMS 0x0000000096200000, 0x0000000096200000| Untracked 
| 355|0x0000000096300000, 0x0000000096300000, 0x0000000096400000|  0%| F|  |TAMS 0x0000000096300000, 0x0000000096300000| Untracked 
| 356|0x0000000096400000, 0x0000000096400000, 0x0000000096500000|  0%| F|  |TAMS 0x0000000096400000, 0x0000000096400000| Untracked 
| 357|0x0000000096500000, 0x0000000096500000, 0x0000000096600000|  0%| F|  |TAMS 0x0000000096500000, 0x0000000096500000| Untracked 
| 358|0x0000000096600000, 0x0000000096600000, 0x0000000096700000|  0%| F|  |TAMS 0x0000000096600000, 0x0000000096600000| Untracked 
| 359|0x0000000096700000, 0x0000000096700000, 0x0000000096800000|  0%| F|  |TAMS 0x0000000096700000, 0x0000000096700000| Untracked 
| 360|0x0000000096800000, 0x0000000096800000, 0x0000000096900000|  0%| F|  |TAMS 0x0000000096800000, 0x0000000096800000| Untracked 
| 361|0x0000000096900000, 0x0000000096900000, 0x0000000096a00000|  0%| F|  |TAMS 0x0000000096900000, 0x0000000096900000| Untracked 
| 362|0x0000000096a00000, 0x0000000096a00000, 0x0000000096b00000|  0%| F|  |TAMS 0x0000000096a00000, 0x0000000096a00000| Untracked 
| 363|0x0000000096b00000, 0x0000000096b00000, 0x0000000096c00000|  0%| F|  |TAMS 0x0000000096b00000, 0x0000000096b00000| Untracked 
| 364|0x0000000096c00000, 0x0000000096c00000, 0x0000000096d00000|  0%| F|  |TAMS 0x0000000096c00000, 0x0000000096c00000| Untracked 
| 365|0x0000000096d00000, 0x0000000096d00000, 0x0000000096e00000|  0%| F|  |TAMS 0x0000000096d00000, 0x0000000096d00000| Untracked 
| 366|0x0000000096e00000, 0x0000000096e00000, 0x0000000096f00000|  0%| F|  |TAMS 0x0000000096e00000, 0x0000000096e00000| Untracked 
| 367|0x0000000096f00000, 0x0000000096f00000, 0x0000000097000000|  0%| F|  |TAMS 0x0000000096f00000, 0x0000000096f00000| Untracked 
| 368|0x0000000097000000, 0x0000000097000000, 0x0000000097100000|  0%| F|  |TAMS 0x0000000097000000, 0x0000000097000000| Untracked 
| 369|0x0000000097100000, 0x0000000097100000, 0x0000000097200000|  0%| F|  |TAMS 0x0000000097100000, 0x0000000097100000| Untracked 
| 370|0x0000000097200000, 0x0000000097200000, 0x0000000097300000|  0%| F|  |TAMS 0x0000000097200000, 0x0000000097200000| Untracked 
| 371|0x0000000097300000, 0x0000000097300000, 0x0000000097400000|  0%| F|  |TAMS 0x0000000097300000, 0x0000000097300000| Untracked 
| 372|0x0000000097400000, 0x0000000097400000, 0x0000000097500000|  0%| F|  |TAMS 0x0000000097400000, 0x0000000097400000| Untracked 
| 373|0x0000000097500000, 0x0000000097500000, 0x0000000097600000|  0%| F|  |TAMS 0x0000000097500000, 0x0000000097500000| Untracked 
| 374|0x0000000097600000, 0x0000000097600000, 0x0000000097700000|  0%| F|  |TAMS 0x0000000097600000, 0x0000000097600000| Untracked 
| 375|0x0000000097700000, 0x0000000097700000, 0x0000000097800000|  0%| F|  |TAMS 0x0000000097700000, 0x0000000097700000| Untracked 
| 376|0x0000000097800000, 0x0000000097800000, 0x0000000097900000|  0%| F|  |TAMS 0x0000000097800000, 0x0000000097800000| Untracked 
| 377|0x0000000097900000, 0x0000000097900000, 0x0000000097a00000|  0%| F|  |TAMS 0x0000000097900000, 0x0000000097900000| Untracked 
| 378|0x0000000097a00000, 0x0000000097a00000, 0x0000000097b00000|  0%| F|  |TAMS 0x0000000097a00000, 0x0000000097a00000| Untracked 
| 379|0x0000000097b00000, 0x0000000097b00000, 0x0000000097c00000|  0%| F|  |TAMS 0x0000000097b00000, 0x0000000097b00000| Untracked 
| 380|0x0000000097c00000, 0x0000000097c00000, 0x0000000097d00000|  0%| F|  |TAMS 0x0000000097c00000, 0x0000000097c00000| Untracked 
| 381|0x0000000097d00000, 0x0000000097d00000, 0x0000000097e00000|  0%| F|  |TAMS 0x0000000097d00000, 0x0000000097d00000| Untracked 
| 382|0x0000000097e00000, 0x0000000097e00000, 0x0000000097f00000|  0%| F|  |TAMS 0x0000000097e00000, 0x0000000097e00000| Untracked 
| 383|0x0000000097f00000, 0x0000000097f00000, 0x0000000098000000|  0%| F|  |TAMS 0x0000000097f00000, 0x0000000097f00000| Untracked 
| 384|0x0000000098000000, 0x0000000098000000, 0x0000000098100000|  0%| F|  |TAMS 0x0000000098000000, 0x0000000098000000| Untracked 
| 385|0x0000000098100000, 0x0000000098100000, 0x0000000098200000|  0%| F|  |TAMS 0x0000000098100000, 0x0000000098100000| Untracked 
| 386|0x0000000098200000, 0x0000000098200000, 0x0000000098300000|  0%| F|  |TAMS 0x0000000098200000, 0x0000000098200000| Untracked 
| 387|0x0000000098300000, 0x0000000098300000, 0x0000000098400000|  0%| F|  |TAMS 0x0000000098300000, 0x0000000098300000| Untracked 
| 388|0x0000000098400000, 0x0000000098400000, 0x0000000098500000|  0%| F|  |TAMS 0x0000000098400000, 0x0000000098400000| Untracked 
| 389|0x0000000098500000, 0x0000000098500000, 0x0000000098600000|  0%| F|  |TAMS 0x0000000098500000, 0x0000000098500000| Untracked 
| 390|0x0000000098600000, 0x0000000098600000, 0x0000000098700000|  0%| F|  |TAMS 0x0000000098600000, 0x0000000098600000| Untracked 
| 391|0x0000000098700000, 0x0000000098700000, 0x0000000098800000|  0%| F|  |TAMS 0x0000000098700000, 0x0000000098700000| Untracked 
| 392|0x0000000098800000, 0x0000000098800000, 0x0000000098900000|  0%| F|  |TAMS 0x0000000098800000, 0x0000000098800000| Untracked 
| 393|0x0000000098900000, 0x0000000098900000, 0x0000000098a00000|  0%| F|  |TAMS 0x0000000098900000, 0x0000000098900000| Untracked 
| 394|0x0000000098a00000, 0x0000000098a00000, 0x0000000098b00000|  0%| F|  |TAMS 0x0000000098a00000, 0x0000000098a00000| Untracked 
| 395|0x0000000098b00000, 0x0000000098b00000, 0x0000000098c00000|  0%| F|  |TAMS 0x0000000098b00000, 0x0000000098b00000| Untracked 
| 396|0x0000000098c00000, 0x0000000098c00000, 0x0000000098d00000|  0%| F|  |TAMS 0x0000000098c00000, 0x0000000098c00000| Untracked 
| 397|0x0000000098d00000, 0x0000000098d00000, 0x0000000098e00000|  0%| F|  |TAMS 0x0000000098d00000, 0x0000000098d00000| Untracked 
| 398|0x0000000098e00000, 0x0000000098e00000, 0x0000000098f00000|  0%| F|  |TAMS 0x0000000098e00000, 0x0000000098e00000| Untracked 
| 399|0x0000000098f00000, 0x0000000098f00000, 0x0000000099000000|  0%| F|  |TAMS 0x0000000098f00000, 0x0000000098f00000| Untracked 
| 400|0x0000000099000000, 0x0000000099000000, 0x0000000099100000|  0%| F|  |TAMS 0x0000000099000000, 0x0000000099000000| Untracked 
| 401|0x0000000099100000, 0x0000000099100000, 0x0000000099200000|  0%| F|  |TAMS 0x0000000099100000, 0x0000000099100000| Untracked 
| 402|0x0000000099200000, 0x0000000099200000, 0x0000000099300000|  0%| F|  |TAMS 0x0000000099200000, 0x0000000099200000| Untracked 
| 403|0x0000000099300000, 0x0000000099300000, 0x0000000099400000|  0%| F|  |TAMS 0x0000000099300000, 0x0000000099300000| Untracked 
| 404|0x0000000099400000, 0x0000000099400000, 0x0000000099500000|  0%| F|  |TAMS 0x0000000099400000, 0x0000000099400000| Untracked 
| 405|0x0000000099500000, 0x0000000099500000, 0x0000000099600000|  0%| F|  |TAMS 0x0000000099500000, 0x0000000099500000| Untracked 
| 406|0x0000000099600000, 0x0000000099600000, 0x0000000099700000|  0%| F|  |TAMS 0x0000000099600000, 0x0000000099600000| Untracked 
| 407|0x0000000099700000, 0x0000000099700000, 0x0000000099800000|  0%| F|  |TAMS 0x0000000099700000, 0x0000000099700000| Untracked 
| 408|0x0000000099800000, 0x0000000099800000, 0x0000000099900000|  0%| F|  |TAMS 0x0000000099800000, 0x0000000099800000| Untracked 
| 409|0x0000000099900000, 0x0000000099900000, 0x0000000099a00000|  0%| F|  |TAMS 0x0000000099900000, 0x0000000099900000| Untracked 
| 410|0x0000000099a00000, 0x0000000099a00000, 0x0000000099b00000|  0%| F|  |TAMS 0x0000000099a00000, 0x0000000099a00000| Untracked 
| 411|0x0000000099b00000, 0x0000000099b00000, 0x0000000099c00000|  0%| F|  |TAMS 0x0000000099b00000, 0x0000000099b00000| Untracked 
| 412|0x0000000099c00000, 0x0000000099c00000, 0x0000000099d00000|  0%| F|  |TAMS 0x0000000099c00000, 0x0000000099c00000| Untracked 
| 413|0x0000000099d00000, 0x0000000099d00000, 0x0000000099e00000|  0%| F|  |TAMS 0x0000000099d00000, 0x0000000099d00000| Untracked 
| 414|0x0000000099e00000, 0x0000000099e00000, 0x0000000099f00000|  0%| F|  |TAMS 0x0000000099e00000, 0x0000000099e00000| Untracked 
| 415|0x0000000099f00000, 0x0000000099f00000, 0x000000009a000000|  0%| F|  |TAMS 0x0000000099f00000, 0x0000000099f00000| Untracked 
| 416|0x000000009a000000, 0x000000009a000000, 0x000000009a100000|  0%| F|  |TAMS 0x000000009a000000, 0x000000009a000000| Untracked 
| 417|0x000000009a100000, 0x000000009a100000, 0x000000009a200000|  0%| F|  |TAMS 0x000000009a100000, 0x000000009a100000| Untracked 
| 418|0x000000009a200000, 0x000000009a200000, 0x000000009a300000|  0%| F|  |TAMS 0x000000009a200000, 0x000000009a200000| Untracked 
| 419|0x000000009a300000, 0x000000009a300000, 0x000000009a400000|  0%| F|  |TAMS 0x000000009a300000, 0x000000009a300000| Untracked 
| 420|0x000000009a400000, 0x000000009a400000, 0x000000009a500000|  0%| F|  |TAMS 0x000000009a400000, 0x000000009a400000| Untracked 
| 421|0x000000009a500000, 0x000000009a500000, 0x000000009a600000|  0%| F|  |TAMS 0x000000009a500000, 0x000000009a500000| Untracked 
| 422|0x000000009a600000, 0x000000009a600000, 0x000000009a700000|  0%| F|  |TAMS 0x000000009a600000, 0x000000009a600000| Untracked 
| 423|0x000000009a700000, 0x000000009a700000, 0x000000009a800000|  0%| F|  |TAMS 0x000000009a700000, 0x000000009a700000| Untracked 
| 424|0x000000009a800000, 0x000000009a800000, 0x000000009a900000|  0%| F|  |TAMS 0x000000009a800000, 0x000000009a800000| Untracked 
| 425|0x000000009a900000, 0x000000009a900000, 0x000000009aa00000|  0%| F|  |TAMS 0x000000009a900000, 0x000000009a900000| Untracked 
| 426|0x000000009aa00000, 0x000000009aa00000, 0x000000009ab00000|  0%| F|  |TAMS 0x000000009aa00000, 0x000000009aa00000| Untracked 
| 427|0x000000009ab00000, 0x000000009ab00000, 0x000000009ac00000|  0%| F|  |TAMS 0x000000009ab00000, 0x000000009ab00000| Untracked 
| 428|0x000000009ac00000, 0x000000009ac00000, 0x000000009ad00000|  0%| F|  |TAMS 0x000000009ac00000, 0x000000009ac00000| Untracked 
| 429|0x000000009ad00000, 0x000000009ad00000, 0x000000009ae00000|  0%| F|  |TAMS 0x000000009ad00000, 0x000000009ad00000| Untracked 
| 430|0x000000009ae00000, 0x000000009ae00000, 0x000000009af00000|  0%| F|  |TAMS 0x000000009ae00000, 0x000000009ae00000| Untracked 
| 431|0x000000009af00000, 0x000000009af00000, 0x000000009b000000|  0%| F|  |TAMS 0x000000009af00000, 0x000000009af00000| Untracked 
| 432|0x000000009b000000, 0x000000009b000000, 0x000000009b100000|  0%| F|  |TAMS 0x000000009b000000, 0x000000009b000000| Untracked 
| 433|0x000000009b100000, 0x000000009b100000, 0x000000009b200000|  0%| F|  |TAMS 0x000000009b100000, 0x000000009b100000| Untracked 
| 434|0x000000009b200000, 0x000000009b200000, 0x000000009b300000|  0%| F|  |TAMS 0x000000009b200000, 0x000000009b200000| Untracked 
| 435|0x000000009b300000, 0x000000009b300000, 0x000000009b400000|  0%| F|  |TAMS 0x000000009b300000, 0x000000009b300000| Untracked 
| 436|0x000000009b400000, 0x000000009b400000, 0x000000009b500000|  0%| F|  |TAMS 0x000000009b400000, 0x000000009b400000| Untracked 
| 437|0x000000009b500000, 0x000000009b500000, 0x000000009b600000|  0%| F|  |TAMS 0x000000009b500000, 0x000000009b500000| Untracked 
| 438|0x000000009b600000, 0x000000009b600000, 0x000000009b700000|  0%| F|  |TAMS 0x000000009b600000, 0x000000009b600000| Untracked 
| 439|0x000000009b700000, 0x000000009b700000, 0x000000009b800000|  0%| F|  |TAMS 0x000000009b700000, 0x000000009b700000| Untracked 
| 440|0x000000009b800000, 0x000000009b800000, 0x000000009b900000|  0%| F|  |TAMS 0x000000009b800000, 0x000000009b800000| Untracked 
| 441|0x000000009b900000, 0x000000009b900000, 0x000000009ba00000|  0%| F|  |TAMS 0x000000009b900000, 0x000000009b900000| Untracked 
| 442|0x000000009ba00000, 0x000000009ba00000, 0x000000009bb00000|  0%| F|  |TAMS 0x000000009ba00000, 0x000000009ba00000| Untracked 
| 443|0x000000009bb00000, 0x000000009bb00000, 0x000000009bc00000|  0%| F|  |TAMS 0x000000009bb00000, 0x000000009bb00000| Untracked 
| 444|0x000000009bc00000, 0x000000009bc00000, 0x000000009bd00000|  0%| F|  |TAMS 0x000000009bc00000, 0x000000009bc00000| Untracked 
| 445|0x000000009bd00000, 0x000000009bd00000, 0x000000009be00000|  0%| F|  |TAMS 0x000000009bd00000, 0x000000009bd00000| Untracked 
| 446|0x000000009be00000, 0x000000009be00000, 0x000000009bf00000|  0%| F|  |TAMS 0x000000009be00000, 0x000000009be00000| Untracked 
| 447|0x000000009bf00000, 0x000000009bf00000, 0x000000009c000000|  0%| F|  |TAMS 0x000000009bf00000, 0x000000009bf00000| Untracked 
| 448|0x000000009c000000, 0x000000009c000000, 0x000000009c100000|  0%| F|  |TAMS 0x000000009c000000, 0x000000009c000000| Untracked 
| 449|0x000000009c100000, 0x000000009c100000, 0x000000009c200000|  0%| F|  |TAMS 0x000000009c100000, 0x000000009c100000| Untracked 
| 450|0x000000009c200000, 0x000000009c200000, 0x000000009c300000|  0%| F|  |TAMS 0x000000009c200000, 0x000000009c200000| Untracked 
| 451|0x000000009c300000, 0x000000009c300000, 0x000000009c400000|  0%| F|  |TAMS 0x000000009c300000, 0x000000009c300000| Untracked 
| 452|0x000000009c400000, 0x000000009c400000, 0x000000009c500000|  0%| F|  |TAMS 0x000000009c400000, 0x000000009c400000| Untracked 
| 453|0x000000009c500000, 0x000000009c500000, 0x000000009c600000|  0%| F|  |TAMS 0x000000009c500000, 0x000000009c500000| Untracked 
| 454|0x000000009c600000, 0x000000009c600000, 0x000000009c700000|  0%| F|  |TAMS 0x000000009c600000, 0x000000009c600000| Untracked 
| 455|0x000000009c700000, 0x000000009c700000, 0x000000009c800000|  0%| F|  |TAMS 0x000000009c700000, 0x000000009c700000| Untracked 
| 456|0x000000009c800000, 0x000000009c800000, 0x000000009c900000|  0%| F|  |TAMS 0x000000009c800000, 0x000000009c800000| Untracked 
| 457|0x000000009c900000, 0x000000009c900000, 0x000000009ca00000|  0%| F|  |TAMS 0x000000009c900000, 0x000000009c900000| Untracked 
| 458|0x000000009ca00000, 0x000000009ca00000, 0x000000009cb00000|  0%| F|  |TAMS 0x000000009ca00000, 0x000000009ca00000| Untracked 
| 459|0x000000009cb00000, 0x000000009cb00000, 0x000000009cc00000|  0%| F|  |TAMS 0x000000009cb00000, 0x000000009cb00000| Untracked 
| 460|0x000000009cc00000, 0x000000009cc00000, 0x000000009cd00000|  0%| F|  |TAMS 0x000000009cc00000, 0x000000009cc00000| Untracked 
| 461|0x000000009cd00000, 0x000000009cd00000, 0x000000009ce00000|  0%| F|  |TAMS 0x000000009cd00000, 0x000000009cd00000| Untracked 
| 462|0x000000009ce00000, 0x000000009ce00000, 0x000000009cf00000|  0%| F|  |TAMS 0x000000009ce00000, 0x000000009ce00000| Untracked 
| 463|0x000000009cf00000, 0x000000009cf00000, 0x000000009d000000|  0%| F|  |TAMS 0x000000009cf00000, 0x000000009cf00000| Untracked 
| 464|0x000000009d000000, 0x000000009d000000, 0x000000009d100000|  0%| F|  |TAMS 0x000000009d000000, 0x000000009d000000| Untracked 
| 465|0x000000009d100000, 0x000000009d100000, 0x000000009d200000|  0%| F|  |TAMS 0x000000009d100000, 0x000000009d100000| Untracked 
| 466|0x000000009d200000, 0x000000009d200000, 0x000000009d300000|  0%| F|  |TAMS 0x000000009d200000, 0x000000009d200000| Untracked 
| 467|0x000000009d300000, 0x000000009d300000, 0x000000009d400000|  0%| F|  |TAMS 0x000000009d300000, 0x000000009d300000| Untracked 
| 468|0x000000009d400000, 0x000000009d400000, 0x000000009d500000|  0%| F|  |TAMS 0x000000009d400000, 0x000000009d400000| Untracked 
| 469|0x000000009d500000, 0x000000009d500000, 0x000000009d600000|  0%| F|  |TAMS 0x000000009d500000, 0x000000009d500000| Untracked 
| 470|0x000000009d600000, 0x000000009d600000, 0x000000009d700000|  0%| F|  |TAMS 0x000000009d600000, 0x000000009d600000| Untracked 
| 471|0x000000009d700000, 0x000000009d700000, 0x000000009d800000|  0%| F|  |TAMS 0x000000009d700000, 0x000000009d700000| Untracked 
| 472|0x000000009d800000, 0x000000009d800000, 0x000000009d900000|  0%| F|  |TAMS 0x000000009d800000, 0x000000009d800000| Untracked 
| 473|0x000000009d900000, 0x000000009d900000, 0x000000009da00000|  0%| F|  |TAMS 0x000000009d900000, 0x000000009d900000| Untracked 
| 474|0x000000009da00000, 0x000000009da00000, 0x000000009db00000|  0%| F|  |TAMS 0x000000009da00000, 0x000000009da00000| Untracked 
| 475|0x000000009db00000, 0x000000009db00000, 0x000000009dc00000|  0%| F|  |TAMS 0x000000009db00000, 0x000000009db00000| Untracked 
| 476|0x000000009dc00000, 0x000000009dc00000, 0x000000009dd00000|  0%| F|  |TAMS 0x000000009dc00000, 0x000000009dc00000| Untracked 
| 477|0x000000009dd00000, 0x000000009dd00000, 0x000000009de00000|  0%| F|  |TAMS 0x000000009dd00000, 0x000000009dd00000| Untracked 
| 478|0x000000009de00000, 0x000000009de00000, 0x000000009df00000|  0%| F|  |TAMS 0x000000009de00000, 0x000000009de00000| Untracked 
| 479|0x000000009df00000, 0x000000009df00000, 0x000000009e000000|  0%| F|  |TAMS 0x000000009df00000, 0x000000009df00000| Untracked 
| 480|0x000000009e000000, 0x000000009e000000, 0x000000009e100000|  0%| F|  |TAMS 0x000000009e000000, 0x000000009e000000| Untracked 
| 481|0x000000009e100000, 0x000000009e100000, 0x000000009e200000|  0%| F|  |TAMS 0x000000009e100000, 0x000000009e100000| Untracked 
| 482|0x000000009e200000, 0x000000009e200000, 0x000000009e300000|  0%| F|  |TAMS 0x000000009e200000, 0x000000009e200000| Untracked 
| 483|0x000000009e300000, 0x000000009e300000, 0x000000009e400000|  0%| F|  |TAMS 0x000000009e300000, 0x000000009e300000| Untracked 
| 484|0x000000009e400000, 0x000000009e400000, 0x000000009e500000|  0%| F|  |TAMS 0x000000009e400000, 0x000000009e400000| Untracked 
| 485|0x000000009e500000, 0x000000009e500000, 0x000000009e600000|  0%| F|  |TAMS 0x000000009e500000, 0x000000009e500000| Untracked 
| 486|0x000000009e600000, 0x000000009e600000, 0x000000009e700000|  0%| F|  |TAMS 0x000000009e600000, 0x000000009e600000| Untracked 
| 487|0x000000009e700000, 0x000000009e700000, 0x000000009e800000|  0%| F|  |TAMS 0x000000009e700000, 0x000000009e700000| Untracked 
| 488|0x000000009e800000, 0x000000009e800000, 0x000000009e900000|  0%| F|  |TAMS 0x000000009e800000, 0x000000009e800000| Untracked 
| 489|0x000000009e900000, 0x000000009e900000, 0x000000009ea00000|  0%| F|  |TAMS 0x000000009e900000, 0x000000009e900000| Untracked 
| 490|0x000000009ea00000, 0x000000009ea00000, 0x000000009eb00000|  0%| F|  |TAMS 0x000000009ea00000, 0x000000009ea00000| Untracked 
| 491|0x000000009eb00000, 0x000000009eb00000, 0x000000009ec00000|  0%| F|  |TAMS 0x000000009eb00000, 0x000000009eb00000| Untracked 
| 492|0x000000009ec00000, 0x000000009ec00000, 0x000000009ed00000|  0%| F|  |TAMS 0x000000009ec00000, 0x000000009ec00000| Untracked 
| 493|0x000000009ed00000, 0x000000009ed80000, 0x000000009ee00000| 50%| E|  |TAMS 0x000000009ed00000, 0x000000009ed00000| Complete 
| 494|0x000000009ee00000, 0x000000009ef00000, 0x000000009ef00000|100%| E|CS|TAMS 0x000000009ee00000, 0x000000009ee00000| Complete 
| 495|0x000000009ef00000, 0x000000009f000000, 0x000000009f000000|100%| E|CS|TAMS 0x000000009ef00000, 0x000000009ef00000| Complete 
| 496|0x000000009f000000, 0x000000009f100000, 0x000000009f100000|100%| E|CS|TAMS 0x000000009f000000, 0x000000009f000000| Complete 
| 497|0x000000009f100000, 0x000000009f200000, 0x000000009f200000|100%| E|CS|TAMS 0x000000009f100000, 0x000000009f100000| Complete 
| 498|0x000000009f200000, 0x000000009f300000, 0x000000009f300000|100%| E|CS|TAMS 0x000000009f200000, 0x000000009f200000| Complete 
| 499|0x000000009f300000, 0x000000009f400000, 0x000000009f400000|100%| E|CS|TAMS 0x000000009f300000, 0x000000009f300000| Complete 
| 500|0x000000009f400000, 0x000000009f500000, 0x000000009f500000|100%| E|CS|TAMS 0x000000009f400000, 0x000000009f400000| Complete 
| 501|0x000000009f500000, 0x000000009f600000, 0x000000009f600000|100%| E|CS|TAMS 0x000000009f500000, 0x000000009f500000| Complete 
| 502|0x000000009f600000, 0x000000009f700000, 0x000000009f700000|100%| E|CS|TAMS 0x000000009f600000, 0x000000009f600000| Complete 
| 503|0x000000009f700000, 0x000000009f800000, 0x000000009f800000|100%| E|CS|TAMS 0x000000009f700000, 0x000000009f700000| Complete 
| 504|0x000000009f800000, 0x000000009f900000, 0x000000009f900000|100%| E|CS|TAMS 0x000000009f800000, 0x000000009f800000| Complete 
| 505|0x000000009f900000, 0x000000009fa00000, 0x000000009fa00000|100%| E|CS|TAMS 0x000000009f900000, 0x000000009f900000| Complete 
| 506|0x000000009fa00000, 0x000000009fb00000, 0x000000009fb00000|100%| E|CS|TAMS 0x000000009fa00000, 0x000000009fa00000| Complete 
| 507|0x000000009fb00000, 0x000000009fc00000, 0x000000009fc00000|100%| E|CS|TAMS 0x000000009fb00000, 0x000000009fb00000| Complete 
| 508|0x000000009fc00000, 0x000000009fd00000, 0x000000009fd00000|100%| E|CS|TAMS 0x000000009fc00000, 0x000000009fc00000| Complete 
| 509|0x000000009fd00000, 0x000000009fe00000, 0x000000009fe00000|100%| E|CS|TAMS 0x000000009fd00000, 0x000000009fd00000| Complete 
| 510|0x000000009fe00000, 0x000000009ff00000, 0x000000009ff00000|100%| E|CS|TAMS 0x000000009fe00000, 0x000000009fe00000| Complete 
| 511|0x000000009ff00000, 0x00000000a0000000, 0x00000000a0000000|100%| E|CS|TAMS 0x000000009ff00000, 0x000000009ff00000| Complete 
| 512|0x00000000a0000000, 0x00000000a0100000, 0x00000000a0100000|100%| E|CS|TAMS 0x00000000a0000000, 0x00000000a0000000| Complete 
| 513|0x00000000a0100000, 0x00000000a0200000, 0x00000000a0200000|100%| E|CS|TAMS 0x00000000a0100000, 0x00000000a0100000| Complete 
| 514|0x00000000a0200000, 0x00000000a0300000, 0x00000000a0300000|100%| E|CS|TAMS 0x00000000a0200000, 0x00000000a0200000| Complete 
| 515|0x00000000a0300000, 0x00000000a0400000, 0x00000000a0400000|100%| E|CS|TAMS 0x00000000a0300000, 0x00000000a0300000| Complete 
| 516|0x00000000a0400000, 0x00000000a0500000, 0x00000000a0500000|100%| E|CS|TAMS 0x00000000a0400000, 0x00000000a0400000| Complete 
| 517|0x00000000a0500000, 0x00000000a0600000, 0x00000000a0600000|100%| E|CS|TAMS 0x00000000a0500000, 0x00000000a0500000| Complete 
| 518|0x00000000a0600000, 0x00000000a0700000, 0x00000000a0700000|100%| E|CS|TAMS 0x00000000a0600000, 0x00000000a0600000| Complete 
| 519|0x00000000a0700000, 0x00000000a0800000, 0x00000000a0800000|100%| E|CS|TAMS 0x00000000a0700000, 0x00000000a0700000| Complete 
| 520|0x00000000a0800000, 0x00000000a0900000, 0x00000000a0900000|100%| E|CS|TAMS 0x00000000a0800000, 0x00000000a0800000| Complete 
| 521|0x00000000a0900000, 0x00000000a0a00000, 0x00000000a0a00000|100%| E|CS|TAMS 0x00000000a0900000, 0x00000000a0900000| Complete 
| 522|0x00000000a0a00000, 0x00000000a0b00000, 0x00000000a0b00000|100%| E|CS|TAMS 0x00000000a0a00000, 0x00000000a0a00000| Complete 
| 523|0x00000000a0b00000, 0x00000000a0c00000, 0x00000000a0c00000|100%| E|CS|TAMS 0x00000000a0b00000, 0x00000000a0b00000| Complete 
| 524|0x00000000a0c00000, 0x00000000a0d00000, 0x00000000a0d00000|100%| E|CS|TAMS 0x00000000a0c00000, 0x00000000a0c00000| Complete 
| 525|0x00000000a0d00000, 0x00000000a0e00000, 0x00000000a0e00000|100%| E|CS|TAMS 0x00000000a0d00000, 0x00000000a0d00000| Complete 
| 526|0x00000000a0e00000, 0x00000000a0f00000, 0x00000000a0f00000|100%| E|CS|TAMS 0x00000000a0e00000, 0x00000000a0e00000| Complete 
| 527|0x00000000a0f00000, 0x00000000a1000000, 0x00000000a1000000|100%| E|CS|TAMS 0x00000000a0f00000, 0x00000000a0f00000| Complete 
| 528|0x00000000a1000000, 0x00000000a1100000, 0x00000000a1100000|100%| E|CS|TAMS 0x00000000a1000000, 0x00000000a1000000| Complete 
| 529|0x00000000a1100000, 0x00000000a1200000, 0x00000000a1200000|100%| E|CS|TAMS 0x00000000a1100000, 0x00000000a1100000| Complete 
| 530|0x00000000a1200000, 0x00000000a1300000, 0x00000000a1300000|100%| E|CS|TAMS 0x00000000a1200000, 0x00000000a1200000| Complete 
| 531|0x00000000a1300000, 0x00000000a1400000, 0x00000000a1400000|100%| E|CS|TAMS 0x00000000a1300000, 0x00000000a1300000| Complete 

Card table byte_map: [0x000001f542d60000,0x000001f543160000] _byte_map_base: 0x000001f542960000

Marking Bits (Prev, Next): (CMBitMap*) 0x000001f52916a2f0, (CMBitMap*) 0x000001f52916a2b0
 Prev Bits: [0x000001f545560000, 0x000001f547560000)
 Next Bits: [0x000001f543560000, 0x000001f545560000)

Polling page: 0x000001f5292f0000

Metaspace:

Usage:
  Non-class:    113.89 MB used.
      Class:     16.14 MB used.
       Both:    130.03 MB used.

Virtual space:
  Non-class space:      128.00 MB reserved,     114.31 MB ( 89%) committed,  2 nodes.
      Class space:        1.00 GB reserved,      16.44 MB (  2%) committed,  1 nodes.
             Both:        1.12 GB reserved,     130.75 MB ( 11%) committed. 

Chunk freelists:
   Non-Class:  12.97 MB
       Class:  15.56 MB
        Both:  28.53 MB

MaxMetaspaceSize: unlimited
CompressedClassSpaceSize: 1.00 GB
Initial GC threshold: 21.00 MB
Current GC threshold: 188.38 MB
CDS: on
MetaspaceReclaimPolicy: balanced
 - commit_granule_bytes: 65536.
 - commit_granule_words: 8192.
 - virtual_space_node_default_size: 8388608.
 - enlarge_chunks_in_place: 1.
 - new_chunks_are_fully_committed: 0.
 - uncommit_free_chunks: 1.
 - use_allocation_guard: 0.
 - handle_deallocations: 1.


Internal statistics:

num_allocs_failed_limit: 12.
num_arena_births: 994.
num_arena_deaths: 0.
num_vsnodes_births: 3.
num_vsnodes_deaths: 0.
num_space_committed: 2091.
num_space_uncommitted: 0.
num_chunks_returned_to_freelist: 12.
num_chunks_taken_from_freelist: 5967.
num_chunk_merges: 12.
num_chunk_splits: 4549.
num_chunks_enlarged: 3752.
num_inconsistent_stats: 0.

CodeHeap 'non-profiled nmethods': size=119168Kb used=12516Kb max_used=13292Kb free=106651Kb
 bounds [0x000001f53ac60000, 0x000001f53b960000, 0x000001f5420c0000]
CodeHeap 'profiled nmethods': size=119104Kb used=42907Kb max_used=43701Kb free=76196Kb
 bounds [0x000001f5330c0000, 0x000001f535ba0000, 0x000001f53a510000]
CodeHeap 'non-nmethods': size=7488Kb used=3076Kb max_used=3731Kb free=4411Kb
 bounds [0x000001f53a510000, 0x000001f53a8c0000, 0x000001f53ac60000]
 total_blobs=18733 nmethods=17683 adapters=956
 compilation: enabled
              stopped_count=0, restarted_count=0
 full_count=0

Compilation events (20 events):
Event: 73.613 Thread 0x000001f597f5dfd0 21756       3       org.objectweb.asm.tree.FieldNode::<init> (34 bytes)
Event: 73.613 Thread 0x000001f596ed0aa0 nmethod 21758 0x000001f533497490 code [0x000001f533497660, 0x000001f533497988]
Event: 73.614 Thread 0x000001f596ed0aa0 21757       3       org.objectweb.asm.tree.FieldNode::visitEnd (1 bytes)
Event: 73.614 Thread 0x000001f596ecfab0 nmethod 21762 0x000001f535740290 code [0x000001f535740480, 0x000001f535740a18]
Event: 73.614 Thread 0x000001f596ecfab0 21747       3       org.gradle.api.internal.initialization.transform.utils.InstrumentationTransformUtils::isInstrumentationMarkerFile (14 bytes)
Event: 73.614 Thread 0x000001f54a738eb0 nmethod 21755 0x000001f53528fa10 code [0x000001f53528fc00, 0x000001f535290118]
Event: 73.615 Thread 0x000001f596ed0aa0 nmethod 21757 0x000001f533608d10 code [0x000001f533608ea0, 0x000001f533608fb8]
Event: 73.615 Thread 0x000001f597f5dfd0 nmethod 21756 0x000001f533567390 code [0x000001f533567560, 0x000001f5335678c8]
Event: 73.615 Thread 0x000001f54a738eb0 21748       3       org.gradle.api.internal.initialization.transform.utils.InstrumentationTransformUtils::isDependencyAnalysisFile (10 bytes)
Event: 73.616 Thread 0x000001f596ecfab0 nmethod 21747 0x000001f533aa7b90 code [0x000001f533aa7d40, 0x000001f533aa7ed8]
Event: 73.616 Thread 0x000001f54a738eb0 nmethod 21748 0x000001f533be5810 code [0x000001f533be59c0, 0x000001f533be5b38]
Event: 73.622 Thread 0x000001f59c22d7a0 nmethod 21693 0x000001f53b7d0990 code [0x000001f53b7d0b80, 0x000001f53b7d14a8]
Event: 73.626 Thread 0x000001f59c22d7a0 21759       4       org.objectweb.asm.ClassReader::readField (675 bytes)
Event: 73.666 Thread 0x000001f597f5dfd0 21764       3       org.objectweb.asm.Label::put (83 bytes)
Event: 73.668 Thread 0x000001f597f5dfd0 nmethod 21764 0x000001f533293590 code [0x000001f5332937a0, 0x000001f533293b78]
Event: 73.689 Thread 0x000001f54a738eb0 21765       3       org.gradle.api.internal.initialization.transform.services.CacheInstrumentationDataBuildService::getResolutionData (26 bytes)
Event: 73.691 Thread 0x000001f54a738eb0 nmethod 21765 0x000001f53350d990 code [0x000001f53350db60, 0x000001f53350dfa8]
Event: 73.739 Thread 0x000001f54a738eb0 21768       3       org.gradle.api.internal.artifacts.transform.TransformExecutionResult$Builder$ProducedOutputOnlyResult$$Lambda$3045/0x000001f54d0518c0::apply (12 bytes)
Event: 73.739 Thread 0x000001f596ecfab0 21769       3       org.gradle.api.internal.artifacts.transform.TransformExecutionResult$Builder$ProducedOutputOnlyResult$$Lambda$3046/0x000001f54d051b00::apply (12 bytes)
Event: 73.739 Thread 0x000001f596ed0aa0 21770       3       org.gradle.api.internal.artifacts.transform.TransformExecutionResult$Builder$ProducedOutputOnlyResult::lambda$resolveForWorkspace$0 (6 bytes)

GC Heap History (20 events):
Event: 65.561 GC heap before
{Heap before GC invocations=101 (full 0):
 garbage-first heap   total 335872K, used 264557K [0x0000000080000000, 0x0000000100000000)
  region size 1024K, 140 young (143360K), 8 survivors (8192K)
 Metaspace       used 131821K, committed 132544K, reserved 1179648K
  class space    used 16420K, committed 16768K, reserved 1048576K
}
Event: 65.568 GC heap after
{Heap after GC invocations=102 (full 0):
 garbage-first heap   total 335872K, used 133615K [0x0000000080000000, 0x0000000100000000)
  region size 1024K, 12 young (12288K), 12 survivors (12288K)
 Metaspace       used 131821K, committed 132544K, reserved 1179648K
  class space    used 16420K, committed 16768K, reserved 1048576K
}
Event: 65.775 GC heap before
{Heap before GC invocations=102 (full 0):
 garbage-first heap   total 335872K, used 270831K [0x0000000080000000, 0x0000000100000000)
  region size 1024K, 146 young (149504K), 12 survivors (12288K)
 Metaspace       used 131856K, committed 132672K, reserved 1179648K
  class space    used 16420K, committed 16768K, reserved 1048576K
}
Event: 65.781 GC heap after
{Heap after GC invocations=103 (full 0):
 garbage-first heap   total 335872K, used 138422K [0x0000000080000000, 0x0000000100000000)
  region size 1024K, 13 young (13312K), 13 survivors (13312K)
 Metaspace       used 131856K, committed 132672K, reserved 1179648K
  class space    used 16420K, committed 16768K, reserved 1048576K
}
Event: 65.982 GC heap before
{Heap before GC invocations=103 (full 0):
 garbage-first heap   total 335872K, used 273590K [0x0000000080000000, 0x0000000100000000)
  region size 1024K, 146 young (149504K), 13 survivors (13312K)
 Metaspace       used 131901K, committed 132672K, reserved 1179648K
  class space    used 16420K, committed 16768K, reserved 1048576K
}
Event: 65.989 GC heap after
{Heap after GC invocations=104 (full 0):
 garbage-first heap   total 335872K, used 139776K [0x0000000080000000, 0x0000000100000000)
  region size 1024K, 13 young (13312K), 13 survivors (13312K)
 Metaspace       used 131901K, committed 132672K, reserved 1179648K
  class space    used 16420K, committed 16768K, reserved 1048576K
}
Event: 66.427 GC heap before
{Heap before GC invocations=104 (full 0):
 garbage-first heap   total 335872K, used 281088K [0x0000000080000000, 0x0000000100000000)
  region size 1024K, 148 young (151552K), 13 survivors (13312K)
 Metaspace       used 131944K, committed 132736K, reserved 1179648K
  class space    used 16420K, committed 16768K, reserved 1048576K
}
Event: 66.437 GC heap after
{Heap after GC invocations=105 (full 0):
 garbage-first heap   total 544768K, used 148116K [0x0000000080000000, 0x0000000100000000)
  region size 1024K, 14 young (14336K), 14 survivors (14336K)
 Metaspace       used 131944K, committed 132736K, reserved 1179648K
  class space    used 16420K, committed 16768K, reserved 1048576K
}
Event: 67.258 GC heap before
{Heap before GC invocations=105 (full 0):
 garbage-first heap   total 544768K, used 445076K [0x0000000080000000, 0x0000000100000000)
  region size 1024K, 305 young (312320K), 14 survivors (14336K)
 Metaspace       used 132084K, committed 132800K, reserved 1179648K
  class space    used 16420K, committed 16768K, reserved 1048576K
}
Event: 67.266 GC heap after
{Heap after GC invocations=106 (full 0):
 garbage-first heap   total 544768K, used 154791K [0x0000000080000000, 0x0000000100000000)
  region size 1024K, 21 young (21504K), 21 survivors (21504K)
 Metaspace       used 132084K, committed 132800K, reserved 1179648K
  class space    used 16420K, committed 16768K, reserved 1048576K
}
Event: 68.330 GC heap before
{Heap before GC invocations=106 (full 0):
 garbage-first heap   total 544768K, used 449703K [0x0000000080000000, 0x0000000100000000)
  region size 1024K, 307 young (314368K), 21 survivors (21504K)
 Metaspace       used 132084K, committed 132800K, reserved 1179648K
  class space    used 16420K, committed 16768K, reserved 1048576K
}
Event: 68.343 GC heap after
{Heap after GC invocations=107 (full 0):
 garbage-first heap   total 544768K, used 172413K [0x0000000080000000, 0x0000000100000000)
  region size 1024K, 39 young (39936K), 39 survivors (39936K)
 Metaspace       used 132084K, committed 132800K, reserved 1179648K
  class space    used 16420K, committed 16768K, reserved 1048576K
}
Event: 69.516 GC heap before
{Heap before GC invocations=107 (full 0):
 garbage-first heap   total 544768K, used 445821K [0x0000000080000000, 0x0000000100000000)
  region size 1024K, 302 young (309248K), 39 survivors (39936K)
 Metaspace       used 133015K, committed 133696K, reserved 1179648K
  class space    used 16524K, committed 16832K, reserved 1048576K
}
Event: 69.540 GC heap after
{Heap after GC invocations=108 (full 0):
 garbage-first heap   total 544768K, used 198605K [0x0000000080000000, 0x0000000100000000)
  region size 1024K, 21 young (21504K), 21 survivors (21504K)
 Metaspace       used 133015K, committed 133696K, reserved 1179648K
  class space    used 16524K, committed 16832K, reserved 1048576K
}
Event: 70.178 GC heap before
{Heap before GC invocations=108 (full 0):
 garbage-first heap   total 544768K, used 447437K [0x0000000080000000, 0x0000000100000000)
  region size 1024K, 263 young (269312K), 21 survivors (21504K)
 Metaspace       used 133079K, committed 133824K, reserved 1179648K
  class space    used 16526K, committed 16832K, reserved 1048576K
}
Event: 70.189 GC heap after
{Heap after GC invocations=109 (full 0):
 garbage-first heap   total 544768K, used 202877K [0x0000000080000000, 0x0000000100000000)
  region size 1024K, 6 young (6144K), 6 survivors (6144K)
 Metaspace       used 133079K, committed 133824K, reserved 1179648K
  class space    used 16526K, committed 16832K, reserved 1048576K
}
Event: 70.749 GC heap before
{Heap before GC invocations=109 (full 0):
 garbage-first heap   total 544768K, used 453757K [0x0000000080000000, 0x0000000100000000)
  region size 1024K, 249 young (254976K), 6 survivors (6144K)
 Metaspace       used 133107K, committed 133824K, reserved 1179648K
  class space    used 16526K, committed 16832K, reserved 1048576K
}
Event: 70.756 GC heap after
{Heap after GC invocations=110 (full 0):
 garbage-first heap   total 544768K, used 208099K [0x0000000080000000, 0x0000000100000000)
  region size 1024K, 8 young (8192K), 8 survivors (8192K)
 Metaspace       used 133107K, committed 133824K, reserved 1179648K
  class space    used 16526K, committed 16832K, reserved 1048576K
}
Event: 72.350 GC heap before
{Heap before GC invocations=110 (full 0):
 garbage-first heap   total 544768K, used 456931K [0x0000000080000000, 0x0000000100000000)
  region size 1024K, 252 young (258048K), 8 survivors (8192K)
 Metaspace       used 133127K, committed 133888K, reserved 1179648K
  class space    used 16526K, committed 16832K, reserved 1048576K
}
Event: 72.355 GC heap after
{Heap after GC invocations=111 (full 0):
 garbage-first heap   total 544768K, used 207405K [0x0000000080000000, 0x0000000100000000)
  region size 1024K, 8 young (8192K), 8 survivors (8192K)
 Metaspace       used 133127K, committed 133888K, reserved 1179648K
  class space    used 16526K, committed 16832K, reserved 1048576K
}

Dll operation events (15 events):
Event: 0.021 Loaded shared library C:\Program Files\Microsoft\jdk-17.0.18.8-hotspot\bin\java.dll
Event: 0.049 Loaded shared library C:\Program Files\Microsoft\jdk-17.0.18.8-hotspot\bin\jsvml.dll
Event: 0.111 Loaded shared library C:\Program Files\Microsoft\jdk-17.0.18.8-hotspot\bin\zip.dll
Event: 0.114 Loaded shared library C:\Program Files\Microsoft\jdk-17.0.18.8-hotspot\bin\instrument.dll
Event: 0.119 Loaded shared library C:\Program Files\Microsoft\jdk-17.0.18.8-hotspot\bin\net.dll
Event: 0.121 Loaded shared library C:\Program Files\Microsoft\jdk-17.0.18.8-hotspot\bin\nio.dll
Event: 0.127 Loaded shared library C:\Program Files\Microsoft\jdk-17.0.18.8-hotspot\bin\zip.dll
Event: 0.804 Loaded shared library C:\Program Files\Microsoft\jdk-17.0.18.8-hotspot\bin\jimage.dll
Event: 1.548 Loaded shared library C:\Program Files\Microsoft\jdk-17.0.18.8-hotspot\bin\verify.dll
Event: 1.597 Loaded shared library E:\DevCaches\gradle\native\1def1411415f61bf3af743bc5b6707747c0891f09f0c88961ee8f79bc544acac\windows-amd64\native-platform.dll
Event: 1.614 Loaded shared library E:\DevCaches\gradle\native\0.2.8\x86_64-windows-gnu\gradle-fileevents.dll
Event: 3.758 Loaded shared library C:\Program Files\Microsoft\jdk-17.0.18.8-hotspot\bin\management.dll
Event: 3.764 Loaded shared library C:\Program Files\Microsoft\jdk-17.0.18.8-hotspot\bin\management_ext.dll
Event: 4.568 Loaded shared library C:\Program Files\Microsoft\jdk-17.0.18.8-hotspot\bin\extnet.dll
Event: 4.993 Loaded shared library C:\Program Files\Microsoft\jdk-17.0.18.8-hotspot\bin\sunmscapi.dll

Deoptimization events (20 events):
Event: 73.598 Thread 0x000001f598442360 DEOPT PACKING pc=0x000001f53afd2d94 sp=0x00000054633fa220
Event: 73.599 Thread 0x000001f598442360 DEOPT UNPACKING pc=0x000001f53a5669a3 sp=0x00000054633fa170 mode 2
Event: 73.600 Thread 0x000001f598442360 Uncommon trap: trap_request=0xffffff45 fr.pc=0x000001f53b137660 relative=0x0000000000000920
Event: 73.600 Thread 0x000001f598442360 Uncommon trap: reason=unstable_if action=reinterpret pc=0x000001f53b137660 method=org.objectweb.asm.SymbolTable.addBootstrapMethod(III)Lorg/objectweb/asm/Symbol; @ 75 c2
Event: 73.601 Thread 0x000001f598440f20 DEOPT PACKING pc=0x000001f53b8b9134 sp=0x00000054641fde80
Event: 73.601 Thread 0x000001f598440f20 DEOPT UNPACKING pc=0x000001f53a5669a3 sp=0x00000054641fdd48 mode 2
Event: 73.601 Thread 0x000001f54a722930 Uncommon trap: trap_request=0xffffffc6 fr.pc=0x000001f53b167420 relative=0x0000000000003340
Event: 73.601 Thread 0x000001f5984450f0 Uncommon trap: trap_request=0xffffffc6 fr.pc=0x000001f53b167b0c relative=0x0000000000003a2c
Event: 73.601 Thread 0x000001f54a722930 Uncommon trap: reason=bimorphic_or_optimized_type_check action=maybe_recompile pc=0x000001f53b167420 method=org.objectweb.asm.ClassReader.readField(Lorg/objectweb/asm/ClassVisitor;Lorg/objectweb/asm/Context;I)I @ 399 c2
Event: 73.601 Thread 0x000001f598442360 DEOPT PACKING pc=0x000001f53b137660 sp=0x00000054633fa380
Event: 73.601 Thread 0x000001f5984450f0 Uncommon trap: reason=bimorphic_or_optimized_type_check action=maybe_recompile pc=0x000001f53b167b0c method=org.objectweb.asm.ClassReader.readField(Lorg/objectweb/asm/ClassVisitor;Lorg/objectweb/asm/Context;I)I @ 540 c2
Event: 73.601 Thread 0x000001f598442360 DEOPT UNPACKING pc=0x000001f53a5669a3 sp=0x00000054633fa340 mode 2
Event: 73.602 Thread 0x000001f54a722930 DEOPT PACKING pc=0x000001f53b167420 sp=0x00000054605f3180
Event: 73.602 Thread 0x000001f54a722930 DEOPT UNPACKING pc=0x000001f53a5669a3 sp=0x00000054605f3120 mode 2
Event: 73.602 Thread 0x000001f5984450f0 DEOPT PACKING pc=0x000001f53b167b0c sp=0x00000054648f9f60
Event: 73.602 Thread 0x000001f5984450f0 DEOPT UNPACKING pc=0x000001f53a5669a3 sp=0x00000054648f9ef0 mode 2
Event: 73.666 Thread 0x000001f598442360 Uncommon trap: trap_request=0xffffff45 fr.pc=0x000001f53af7b6d0 relative=0x0000000000000eb0
Event: 73.666 Thread 0x000001f598442360 Uncommon trap: reason=unstable_if action=reinterpret pc=0x000001f53af7b6d0 method=org.objectweb.asm.Label.put(Lorg/objectweb/asm/ByteVector;IZ)V @ 54 c2
Event: 73.666 Thread 0x000001f598442360 DEOPT PACKING pc=0x000001f53af7b6d0 sp=0x00000054633fa510
Event: 73.666 Thread 0x000001f598442360 DEOPT UNPACKING pc=0x000001f53a5669a3 sp=0x00000054633fa500 mode 2

Classes loaded (20 events):
Event: 62.597 Loading class java/util/WeakHashMap$KeyIterator
Event: 62.597 Loading class java/util/WeakHashMap$HashIterator
Event: 62.597 Loading class java/util/WeakHashMap$HashIterator done
Event: 62.597 Loading class java/util/WeakHashMap$KeyIterator done
Event: 62.963 Loading class java/util/DualPivotQuicksort
Event: 62.964 Loading class java/util/DualPivotQuicksort done
Event: 63.013 Loading class java/util/function/LongUnaryOperator
Event: 63.013 Loading class java/util/function/LongUnaryOperator done
Event: 64.358 Loading class sun/reflect/ReflectionFactory
Event: 64.358 Loading class sun/reflect/ReflectionFactory done
Event: 64.358 Loading class sun/reflect/ReflectionFactory$1
Event: 64.359 Loading class sun/reflect/ReflectionFactory$1 done
Event: 64.359 Loading class jdk/internal/reflect/SerializationConstructorAccessorImpl
Event: 64.359 Loading class jdk/internal/reflect/SerializationConstructorAccessorImpl done
Event: 64.782 Loading class java/util/concurrent/atomic/Striped64$Cell
Event: 64.782 Loading class java/util/concurrent/atomic/Striped64$Cell done
Event: 68.582 Loading class java/util/TreeMap$EntrySpliterator
Event: 68.582 Loading class java/util/TreeMap$TreeMapSpliterator
Event: 68.582 Loading class java/util/TreeMap$TreeMapSpliterator done
Event: 68.582 Loading class java/util/TreeMap$EntrySpliterator done

Classes unloaded (0 events):
No events

Classes redefined (0 events):
No events

Internal exceptions (20 events):
Event: 70.462 Thread 0x000001f598441e50 Exception <a 'sun/nio/fs/WindowsException'{0x000000009b24c0f8}> (0x000000009b24c0f8) 
thrown [s\src\hotspot\share\prims\jni.cpp, line 516]
Event: 70.525 Thread 0x000001f598442d80 Exception <a 'sun/nio/fs/WindowsException'{0x0000000098f94aa0}> (0x0000000098f94aa0) 
thrown [s\src\hotspot\share\prims\jni.cpp, line 516]
Event: 70.545 Thread 0x000001f598440a10 Exception <a 'sun/nio/fs/WindowsException'{0x0000000097b31188}> (0x0000000097b31188) 
thrown [s\src\hotspot\share\prims\jni.cpp, line 516]
Event: 71.020 Thread 0x000001f54a722930 Exception <a 'sun/nio/fs/WindowsException'{0x000000009a383c80}> (0x000000009a383c80) 
thrown [s\src\hotspot\share\prims\jni.cpp, line 516]
Event: 71.033 Thread 0x000001f5984437a0 Exception <a 'sun/nio/fs/WindowsException'{0x00000000a10eebd8}> (0x00000000a10eebd8) 
thrown [s\src\hotspot\share\prims\jni.cpp, line 516]
Event: 71.141 Thread 0x000001f598440500 Exception <a 'sun/nio/fs/WindowsException'{0x00000000981f0310}> (0x00000000981f0310) 
thrown [s\src\hotspot\share\prims\jni.cpp, line 516]
Event: 71.145 Thread 0x000001f598441430 Exception <a 'sun/nio/fs/WindowsException'{0x0000000098a1d928}> (0x0000000098a1d928) 
thrown [s\src\hotspot\share\prims\jni.cpp, line 516]
Event: 71.192 Thread 0x000001f598442870 Exception <a 'sun/nio/fs/WindowsException'{0x000000009700bc10}> (0x000000009700bc10) 
thrown [s\src\hotspot\share\prims\jni.cpp, line 516]
Event: 71.299 Thread 0x000001f598441e50 Exception <a 'sun/nio/fs/WindowsException'{0x0000000094e195f8}> (0x0000000094e195f8) 
thrown [s\src\hotspot\share\prims\jni.cpp, line 516]
Event: 71.354 Thread 0x000001f598440a10 Exception <a 'sun/nio/fs/WindowsException'{0x00000000937ff420}> (0x00000000937ff420) 
thrown [s\src\hotspot\share\prims\jni.cpp, line 516]
Event: 71.356 Thread 0x000001f598442d80 Exception <a 'sun/nio/fs/WindowsException'{0x0000000096346780}> (0x0000000096346780) 
thrown [s\src\hotspot\share\prims\jni.cpp, line 516]
Event: 72.431 Thread 0x000001f598440f20 Exception <a 'sun/nio/fs/WindowsException'{0x00000000a0f94080}> (0x00000000a0f94080) 
thrown [s\src\hotspot\share\prims\jni.cpp, line 516]
Event: 72.551 Thread 0x000001f54a722930 Exception <a 'sun/nio/fs/WindowsException'{0x000000009b781f98}> (0x000000009b781f98) 
thrown [s\src\hotspot\share\prims\jni.cpp, line 516]
Event: 73.637 Thread 0x000001f598441430 Exception <a 'sun/nio/fs/WindowsException'{0x0000000099e16ac8}> (0x0000000099e16ac8) 
thrown [s\src\hotspot\share\prims\jni.cpp, line 516]
Event: 73.740 Thread 0x000001f598440a10 Exception <a 'sun/nio/fs/WindowsException'{0x0000000094df3d80}> (0x0000000094df3d80) 
thrown [s\src\hotspot\share\prims\jni.cpp, line 516]
Event: 73.759 Thread 0x000001f5934de800 Exception <a 'sun/nio/fs/WindowsException'{0x0000000094ae79a0}> (0x0000000094ae79a0) 
thrown [s\src\hotspot\share\prims\jni.cpp, line 516]
Event: 73.766 Thread 0x000001f598441e50 Exception <a 'sun/nio/fs/WindowsException'{0x000000009412b2a8}> (0x000000009412b2a8) 
thrown [s\src\hotspot\share\prims\jni.cpp, line 516]
Event: 73.769 Thread 0x000001f598440f20 Exception <a 'sun/nio/fs/WindowsException'{0x000000009443c310}> (0x000000009443c310) 
thrown [s\src\hotspot\share\prims\jni.cpp, line 516]
Event: 73.771 Thread 0x000001f598442d80 Exception <a 'sun/nio/fs/WindowsException'{0x00000000944ea5e8}> (0x00000000944ea5e8) 
thrown [s\src\hotspot\share\prims\jni.cpp, line 516]
Event: 73.791 Thread 0x000001f54a722930 Exception <a 'sun/nio/fs/WindowsException'{0x0000000093658178}> (0x0000000093658178) 
thrown [s\src\hotspot\share\prims\jni.cpp, line 516]

VM Operations (20 events):
Event: 68.699 Executing VM operation: ICBufferFull done
Event: 69.025 Executing VM operation: ICBufferFull
Event: 69.025 Executing VM operation: ICBufferFull done
Event: 69.515 Executing VM operation: G1CollectForAllocation
Event: 69.540 Executing VM operation: G1CollectForAllocation done
Event: 70.178 Executing VM operation: G1CollectForAllocation
Event: 70.189 Executing VM operation: G1CollectForAllocation done
Event: 70.267 Executing VM operation: HandshakeAllThreads
Event: 70.275 Executing VM operation: HandshakeAllThreads done
Event: 70.449 Executing VM operation: HandshakeAllThreads
Event: 70.450 Executing VM operation: HandshakeAllThreads done
Event: 70.728 Executing VM operation: G1CollectForAllocation
Event: 70.756 Executing VM operation: G1CollectForAllocation done
Event: 70.793 Executing VM operation: HandshakeAllThreads
Event: 70.794 Executing VM operation: HandshakeAllThreads done
Event: 71.408 Executing VM operation: G1CollectForAllocation
Event: 72.355 Executing VM operation: G1CollectForAllocation done
Event: 73.363 Executing VM operation: Cleanup
Event: 73.595 Executing VM operation: Cleanup done
Event: 74.602 Executing VM operation: Cleanup

Memory protections (0 events):
No events

Nmethod flushes (20 events):
Event: 70.928 Thread 0x000001f54a739f40 flushing  nmethod 0x000001f535a79f90
Event: 70.928 Thread 0x000001f54a739f40 flushing  nmethod 0x000001f535a7ac90
Event: 70.928 Thread 0x000001f54a739f40 flushing  nmethod 0x000001f535a7b290
Event: 70.928 Thread 0x000001f54a739f40 flushing  nmethod 0x000001f535a7c710
Event: 70.928 Thread 0x000001f54a739f40 flushing  nmethod 0x000001f535a7ce10
Event: 70.928 Thread 0x000001f54a739f40 flushing  nmethod 0x000001f535a8ef10
Event: 70.928 Thread 0x000001f54a739f40 flushing  nmethod 0x000001f535a93010
Event: 70.928 Thread 0x000001f54a739f40 flushing  nmethod 0x000001f535a93410
Event: 70.928 Thread 0x000001f54a739f40 flushing  nmethod 0x000001f535a95810
Event: 70.928 Thread 0x000001f54a739f40 flushing  nmethod 0x000001f535a95c90
Event: 70.928 Thread 0x000001f54a739f40 flushing  nmethod 0x000001f535a96910
Event: 70.928 Thread 0x000001f54a739f40 flushing  nmethod 0x000001f535a9d710
Event: 70.928 Thread 0x000001f54a739f40 flushing  nmethod 0x000001f535a9de10
Event: 70.928 Thread 0x000001f54a739f40 flushing  nmethod 0x000001f535a9e910
Event: 70.928 Thread 0x000001f54a739f40 flushing  nmethod 0x000001f535a9f210
Event: 70.928 Thread 0x000001f54a739f40 flushing  nmethod 0x000001f535a9fd90
Event: 70.928 Thread 0x000001f54a739f40 flushing  nmethod 0x000001f535aa5b90
Event: 70.928 Thread 0x000001f54a739f40 flushing  nmethod 0x000001f535ab6390
Event: 70.929 Thread 0x000001f54a739f40 flushing  nmethod 0x000001f535b12110
Event: 70.929 Thread 0x000001f54a739f40 flushing  nmethod 0x000001f535b41210

Events (20 events):
Event: 68.516 Thread 0x000001f54a722930 Thread added: 0x000001f598442360
Event: 68.517 Thread 0x000001f54a722930 Thread added: 0x000001f598442870
Event: 68.518 Thread 0x000001f54a722930 Thread added: 0x000001f598442d80
Event: 68.519 Thread 0x000001f54a722930 Thread added: 0x000001f598440500
Event: 68.520 Thread 0x000001f54a722930 Thread added: 0x000001f598441940
Event: 68.520 Thread 0x000001f54a722930 Thread added: 0x000001f598440f20
Event: 68.521 Thread 0x000001f54a722930 Thread added: 0x000001f598443cb0
Event: 68.522 Thread 0x000001f54a722930 Thread added: 0x000001f598443290
Event: 68.523 Thread 0x000001f596ecfab0 Thread added: 0x000001f598192ea0
Event: 68.523 Thread 0x000001f54a722930 Thread added: 0x000001f5984437a0
Event: 68.524 Thread 0x000001f54a722930 Thread added: 0x000001f598441430
Event: 68.525 Thread 0x000001f54a722930 Thread added: 0x000001f598440a10
Event: 68.526 Thread 0x000001f54a722930 Thread added: 0x000001f5984450f0
Event: 68.527 Thread 0x000001f54a738eb0 Thread added: 0x000001f59c22d7a0
Event: 68.679 Thread 0x000001f54a738eb0 Thread added: 0x000001f597f5dfd0
Event: 68.683 Thread 0x000001f597f5dfd0 Thread added: 0x000001f59738ff00
Event: 68.692 Thread 0x000001f597f5dfd0 Thread added: 0x000001f597390ef0
Event: 68.696 Thread 0x000001f596ed0aa0 Thread added: 0x000001f5933bee80
Event: 68.701 Thread 0x000001f59c22d7a0 Thread added: 0x000001f597391440
Event: 68.701 Thread 0x000001f59c22d7a0 Thread added: 0x000001f5973909a0


Dynamic libraries:
0x00007ff711530000 - 0x00007ff71153e000 	C:\Program Files\Microsoft\jdk-17.0.18.8-hotspot\bin\java.exe
0x00007ffd3cae0000 - 0x00007ffd3cd48000 	C:\WINDOWS\SYSTEM32\ntdll.dll
0x00007ffd3ba80000 - 0x00007ffd3bb49000 	C:\WINDOWS\System32\KERNEL32.DLL
0x00007ffd3a480000 - 0x00007ffd3a872000 	C:\WINDOWS\System32\KERNELBASE.dll
0x00007ffd39cf0000 - 0x00007ffd39e3b000 	C:\WINDOWS\System32\ucrtbase.dll
0x00007ffd0f3c0000 - 0x00007ffd0f3de000 	C:\Program Files\Microsoft\jdk-17.0.18.8-hotspot\bin\VCRUNTIME140.dll
0x00007ffd110e0000 - 0x00007ffd110f8000 	C:\Program Files\Microsoft\jdk-17.0.18.8-hotspot\bin\jli.dll
0x00007ffd3c730000 - 0x00007ffd3c8f5000 	C:\WINDOWS\System32\USER32.dll
0x00007ffd3a060000 - 0x00007ffd3a087000 	C:\WINDOWS\System32\win32u.dll
0x00007ffd28df0000 - 0x00007ffd29083000 	C:\WINDOWS\WinSxS\amd64_microsoft.windows.common-controls_6595b64144ccf1df_6.0.26100.6899_none_3e0efeeae32e88c1\COMCTL32.dll
0x00007ffd3b0d0000 - 0x00007ffd3b0fb000 	C:\WINDOWS\System32\GDI32.dll
0x00007ffd3c300000 - 0x00007ffd3c3a9000 	C:\WINDOWS\System32\msvcrt.dll
0x00007ffd3a090000 - 0x00007ffd3a1bd000 	C:\WINDOWS\System32\gdi32full.dll
0x00007ffd39c40000 - 0x00007ffd39ce3000 	C:\WINDOWS\System32\msvcp_win.dll
0x00007ffd3afd0000 - 0x00007ffd3afff000 	C:\WINDOWS\System32\IMM32.DLL
0x000000006e080000 - 0x000000006e08d000 	C:\Program Files (x86)\360\Total Security\safemon\SafeWrapper.dll
0x00007ffd3b010000 - 0x00007ffd3b0c4000 	C:\WINDOWS\System32\ADVAPI32.dll
0x00007ffd3c250000 - 0x00007ffd3c2f6000 	C:\WINDOWS\System32\sechost.dll
0x00007ffd3b130000 - 0x00007ffd3b248000 	C:\WINDOWS\System32\RPCRT4.dll
0x00007ffd348a0000 - 0x00007ffd349a5000 	C:\Program Files (x86)\360\Total Security\safemon\libzdtp64.dll
0x00007ffd3a880000 - 0x00007ffd3afcd000 	C:\WINDOWS\System32\SHELL32.dll
0x00007ffd3a1c0000 - 0x00007ffd3a32b000 	C:\WINDOWS\System32\wintypes.dll
0x00007ffd3b700000 - 0x00007ffd3ba7b000 	C:\WINDOWS\System32\combase.dll
0x00007ffd3c950000 - 0x00007ffd3c9b2000 	C:\WINDOWS\System32\SHLWAPI.dll
0x00007ffd39730000 - 0x00007ffd3973b000 	C:\WINDOWS\SYSTEM32\VERSION.dll
0x00007ffd235d0000 - 0x00007ffd235dc000 	C:\Program Files\Microsoft\jdk-17.0.18.8-hotspot\bin\vcruntime140_1.dll
0x00007ffcefce0000 - 0x00007ffcefd69000 	C:\Program Files\Microsoft\jdk-17.0.18.8-hotspot\bin\msvcp140.dll
0x00007ffc4af30000 - 0x00007ffc4bbaa000 	C:\Program Files\Microsoft\jdk-17.0.18.8-hotspot\bin\server\jvm.dll
0x00007ffd3b3b0000 - 0x00007ffd3b424000 	C:\WINDOWS\System32\WS2_32.dll
0x00007ffd39ac0000 - 0x00007ffd39b1e000 	C:\WINDOWS\SYSTEM32\POWRPROF.dll
0x00007ffd325c0000 - 0x00007ffd325f5000 	C:\WINDOWS\SYSTEM32\WINMM.dll
0x00007ffd39aa0000 - 0x00007ffd39ab4000 	C:\WINDOWS\SYSTEM32\UMPDC.dll
0x00007ffd38960000 - 0x00007ffd3897b000 	C:\WINDOWS\SYSTEM32\kernel.appcore.dll
0x00007ffd14560000 - 0x00007ffd1456a000 	C:\Program Files\Microsoft\jdk-17.0.18.8-hotspot\bin\jimage.dll
0x00007ffd303c0000 - 0x00007ffd30602000 	C:\WINDOWS\SYSTEM32\DBGHELP.DLL
0x00007ffd3c650000 - 0x00007ffd3c727000 	C:\WINDOWS\System32\OLEAUT32.dll
0x00007ffd24d40000 - 0x00007ffd24d7c000 	C:\WINDOWS\SYSTEM32\dbgcore.DLL
0x00007ffd39fc0000 - 0x00007ffd3a058000 	C:\WINDOWS\System32\bcryptPrimitives.dll
0x00007ffd21110000 - 0x00007ffd2111f000 	C:\Program Files\Microsoft\jdk-17.0.18.8-hotspot\bin\instrument.dll
0x00007ffd033f0000 - 0x00007ffd03416000 	C:\Program Files\Microsoft\jdk-17.0.18.8-hotspot\bin\java.dll
0x00007ffc810e0000 - 0x00007ffc811b6000 	C:\Program Files\Microsoft\jdk-17.0.18.8-hotspot\bin\jsvml.dll
0x00007ffd37800000 - 0x00007ffd3805d000 	C:\WINDOWS\SYSTEM32\windows.storage.dll
0x00007ffd3b4c0000 - 0x00007ffd3b5b2000 	C:\WINDOWS\System32\SHCORE.dll
0x00007ffd39b60000 - 0x00007ffd39b89000 	C:\WINDOWS\SYSTEM32\profapi.dll
0x00007ffd03960000 - 0x00007ffd03978000 	C:\Program Files\Microsoft\jdk-17.0.18.8-hotspot\bin\zip.dll
0x00007ffd01980000 - 0x00007ffd0199b000 	C:\Program Files\Microsoft\jdk-17.0.18.8-hotspot\bin\net.dll
0x00007ffd32810000 - 0x00007ffd3292f000 	C:\WINDOWS\SYSTEM32\WINHTTP.dll
0x00007ffd38eb0000 - 0x00007ffd38f1b000 	C:\WINDOWS\system32\mswsock.dll
0x00007ffd01960000 - 0x00007ffd01976000 	C:\Program Files\Microsoft\jdk-17.0.18.8-hotspot\bin\nio.dll
0x00007ffd2bfe0000 - 0x00007ffd2bff0000 	C:\Program Files\Microsoft\jdk-17.0.18.8-hotspot\bin\verify.dll
0x00007ffd21180000 - 0x00007ffd211a7000 	E:\DevCaches\gradle\native\1def1411415f61bf3af743bc5b6707747c0891f09f0c88961ee8f79bc544acac\windows-amd64\native-platform.dll
0x00007ffc8ae90000 - 0x00007ffc8af07000 	E:\DevCaches\gradle\native\0.2.8\x86_64-windows-gnu\gradle-fileevents.dll
0x00007ffd2c790000 - 0x00007ffd2c79a000 	C:\Program Files\Microsoft\jdk-17.0.18.8-hotspot\bin\management.dll
0x00007ffd211b0000 - 0x00007ffd211bc000 	C:\Program Files\Microsoft\jdk-17.0.18.8-hotspot\bin\management_ext.dll
0x00007ffd3b120000 - 0x00007ffd3b128000 	C:\WINDOWS\System32\PSAPI.DLL
0x00007ffd38360000 - 0x00007ffd38394000 	C:\WINDOWS\SYSTEM32\IPHLPAPI.DLL
0x00007ffd3c940000 - 0x00007ffd3c94a000 	C:\WINDOWS\System32\NSI.dll
0x00007ffd32b80000 - 0x00007ffd32b9e000 	C:\WINDOWS\SYSTEM32\dhcpcsvc6.DLL
0x00007ffd327e0000 - 0x00007ffd32803000 	C:\WINDOWS\SYSTEM32\dhcpcsvc.DLL
0x00007ffd383f0000 - 0x00007ffd38516000 	C:\WINDOWS\SYSTEM32\DNSAPI.dll
0x00007ffd214a0000 - 0x00007ffd214a9000 	C:\Program Files\Microsoft\jdk-17.0.18.8-hotspot\bin\extnet.dll
0x00007ffd39290000 - 0x00007ffd392ab000 	C:\WINDOWS\SYSTEM32\CRYPTSP.dll
0x00007ffd388c0000 - 0x00007ffd388fb000 	C:\WINDOWS\system32\rsaenh.dll
0x00007ffd38f50000 - 0x00007ffd38f7b000 	C:\WINDOWS\SYSTEM32\USERENV.dll
0x00007ffd39b30000 - 0x00007ffd39b56000 	C:\WINDOWS\SYSTEM32\bcrypt.dll
0x00007ffd390f0000 - 0x00007ffd390fc000 	C:\WINDOWS\SYSTEM32\CRYPTBASE.dll
0x00007ffd24c80000 - 0x00007ffd24c8e000 	C:\Program Files\Microsoft\jdk-17.0.18.8-hotspot\bin\sunmscapi.dll
0x00007ffd39e40000 - 0x00007ffd39fb7000 	C:\WINDOWS\System32\CRYPT32.dll
0x00007ffd393e0000 - 0x00007ffd39410000 	C:\WINDOWS\SYSTEM32\ncrypt.dll
0x00007ffd39390000 - 0x00007ffd393cf000 	C:\WINDOWS\SYSTEM32\NTASN1.dll
0x00007ffd25f00000 - 0x00007ffd25f08000 	C:\WINDOWS\system32\wshunix.dll

dbghelp: loaded successfully - version: 4.0.5 - missing functions: none
symbol engine: initialized successfully - sym options: 0x614 - pdb path: .;C:\Program Files\Microsoft\jdk-17.0.18.8-hotspot\bin;C:\WINDOWS\SYSTEM32;C:\WINDOWS\WinSxS\amd64_microsoft.windows.common-controls_6595b64144ccf1df_6.0.26100.6899_none_3e0efeeae32e88c1;C:\Program Files (x86)\360\Total Security\safemon;C:\Program Files\Microsoft\jdk-17.0.18.8-hotspot\bin\server;E:\DevCaches\gradle\native\1def1411415f61bf3af743bc5b6707747c0891f09f0c88961ee8f79bc544acac\windows-amd64;E:\DevCaches\gradle\native\0.2.8\x86_64-windows-gnu

VM Arguments:
jvm_args: --add-opens=java.base/java.lang=ALL-UNNAMED --add-opens=java.base/java.lang.invoke=ALL-UNNAMED --add-opens=java.base/java.util=ALL-UNNAMED --add-opens=java.prefs/java.util.prefs=ALL-UNNAMED --add-exports=jdk.compiler/com.sun.tools.javac.api=ALL-UNNAMED --add-exports=jdk.compiler/com.sun.tools.javac.util=ALL-UNNAMED --add-opens=java.base/java.util=ALL-UNNAMED --add-opens=java.prefs/java.util.prefs=ALL-UNNAMED --add-opens=java.base/java.nio.charset=ALL-UNNAMED --add-opens=java.base/java.net=ALL-UNNAMED --add-opens=java.base/java.util.concurrent=ALL-UNNAMED --add-opens=java.base/java.util.concurrent.atomic=ALL-UNNAMED --add-opens=java.xml/javax.xml.namespace=ALL-UNNAMED --add-opens=java.base/java.time=ALL-UNNAMED -Xmx2048m -Dfile.encoding=UTF-8 -Duser.country=US -Duser.language=en -Duser.variant -javaagent:E:\DevCaches\gradle\wrapper\dists\gradle-9.1.0-bin\9agqghryom9wkf8r80qlhnts3\gradle-9.1.0\lib\agents\gradle-instrumentation-agent-9.1.0.jar 
java_command: org.gradle.launcher.daemon.bootstrap.GradleDaemon 9.1.0
java_class_path (initial): E:\DevCaches\gradle\wrapper\dists\gradle-9.1.0-bin\9agqghryom9wkf8r80qlhnts3\gradle-9.1.0\lib\gradle-daemon-main-9.1.0.jar
Launcher Type: SUN_STANDARD

[Global flags]
     intx CICompilerCount                          = 12                                        {product} {ergonomic}
     uint ConcGCThreads                            = 3                                         {product} {ergonomic}
     uint G1ConcRefinementThreads                  = 13                                        {product} {ergonomic}
   size_t G1HeapRegionSize                         = 1048576                                   {product} {ergonomic}
    uintx GCDrainStackTargetSize                   = 64                                        {product} {ergonomic}
   size_t InitialHeapSize                          = 526385152                                 {product} {ergonomic}
   size_t MarkStackSize                            = 4194304                                   {product} {ergonomic}
   size_t MaxHeapSize                              = 2147483648                                {product} {command line}
   size_t MaxNewSize                               = 1287651328                                {product} {ergonomic}
   size_t MinHeapDeltaBytes                        = 1048576                                   {product} {ergonomic}
   size_t MinHeapSize                              = 8388608                                   {product} {ergonomic}
    uintx NonNMethodCodeHeapSize                   = 7602480                                {pd product} {ergonomic}
    uintx NonProfiledCodeHeapSize                  = 122027880                              {pd product} {ergonomic}
    uintx ProfiledCodeHeapSize                     = 122027880                              {pd product} {ergonomic}
    uintx ReservedCodeCacheSize                    = 251658240                              {pd product} {ergonomic}
     bool SegmentedCodeCache                       = true                                      {product} {ergonomic}
   size_t SoftMaxHeapSize                          = 2147483648                             {manageable} {ergonomic}
     bool UseCompressedClassPointers               = true                           {product lp64_product} {ergonomic}
     bool UseCompressedOops                        = true                           {product lp64_product} {ergonomic}
     bool UseG1GC                                  = true                                      {product} {ergonomic}
     bool UseLargePagesIndividualAllocation        = false                                  {pd product} {ergonomic}

Logging:
Log output configuration:
 #0: stdout all=warning uptime,level,tags
 #1: stderr all=off uptime,level,tags

Environment Variables:
JAVA_HOME=C:\Program Files\Microsoft\jdk-17.0.18.8-hotspot\
CLASSPATH=E:\projects\Downloader-XBOX360-XEX-HDD-Games\src\android-app\\gradle\wrapper\gradle-wrapper.jar
PATH=C:/Users/luist/.gemini/antigravity-ide/bin;C:\Program Files\Microsoft\jdk-17.0.18.8-hotspot\bin;E:\jdk-25.0.2.10-hotspot\bin;C:\Program Files\Common Files\Oracle\Java\javapath;C:\Python\Python313\Scripts\;C:\Python\Python313\;C:\WINDOWS\system32;C:\WINDOWS;C:\WINDOWS\System32\Wbem;C:\WINDOWS\System32\WindowsPowerShell\v1.0\;C:\WINDOWS\System32\OpenSSH\;C:\Program Files\NVIDIA Corporation\NVIDIA App\NvDLISR;C:\Program Files (x86)\NVIDIA Corporation\PhysX\Common;C:\Program Files\dotnet\;C:\Program Files (x86)\Windows Kits\10\Windows Performance Toolkit\;C:\Program Files\CMake\bin;C:\ProgramData\chocolatey\bin;C:\nodejs\;D:\WinMerge;D:\qemu\qemu-system-aarch64.exe;C:\Python\;C:\Python\Scripts\;C:\Program Files\Go\bin;C:\Program Files\SafeNet\Authentication\SAC\x64;C:\Program Files\SafeNet\Authentication\SAC\x32;E:\Git\cmd;C:\Program Files\Git-Xet\;C:\Users\luist\.local\bin;C:\Users\luist\.cargo\bin;C:\Users\luist\AppData\Local\Programs\Python\Python310\Scripts\;C:\Users\luist\AppData\Local\Programs\Python\Python310\;C:\Program Files\Common Files\Oracle\Java\javapath;C:\Python\Python313\Scripts\;C:\Python\Python313\;C:\WINDOWS\system32;C:\WINDOWS;C:\WINDOWS\System32\Wbem;C:\WINDOWS\System32\WindowsPowerShell\v1.0\;C:\WINDOWS\System32\OpenSSH\;C:\Program Files\NVIDIA Corporation\NVIDIA App\NvDLISR;C:\Program Files (x86)\NVIDIA Corporation\PhysX\Common;C:\Program Files\dotnet\;C:\Program Files (x86)\Windows Kits\10\Windows Performance Toolkit\;C:\Program Files\Git\cmd;C:\Program Files\CMake\bin;C:\ProgramData\chocolatey\bin;C:\nodejs\;D:\WinMerge;D:\qemu\qemu-system-aarch64.exe;C:\Python\;C:\Python\Scripts\;C:\Program Files\Docker\Docker\resources\bin;C:\Users\luist\AppData\Local\Microsoft\WindowsApps;C:\Microsoft VS Code\bin;C:\Users\luist\.dotnet\tools;C:\Users\luist\AppData\Roaming\npm;c:\Users\luist\AppData\Roaming\Code\User\globalStorage\github.copilot-chat\debugCommand;C:\Users\luist\AppData\Local\Microsoft\WinGet\Packages\Gyan.FFmpeg_Microsoft.Winget.Source_8wekyb3d8bbwe\ffmpeg-8.0-full_build\bin;C:\Users\luist\AppData\Local\Microsoft\WinGet\Packages\miurahr.aqtinstall_Microsoft.Winget.Source_8wekyb3d8bbwe;E:\cursor\resources\app\bin;C:\Users\luist\go\bin;E:\Antigravity\Antigravity IDE\bin;C:\Users\luist\AppData\Local\Programs\Antigravity IDE\bin;E:\flutter\bin;E:\Git\bin;C:\Users\luist\AppData\Local\Microsoft\WinGet\Links;E:\Kingsoft\WPS Office\12.1.0.27458\clitool
USERNAME=luist
OS=Windows_NT
PROCESSOR_IDENTIFIER=AMD64 Family 23 Model 96 Stepping 1, AuthenticAMD
TMP=E:\dev_cache\temp
TEMP=E:\dev_cache\temp



Periodic native trim disabled


---------------  S Y S T E M  ---------------

OS:
 Windows 11 , 64 bit Build 26100 (10.0.26100.6725)
OS uptime: 0 days 6:26 hours
Hyper-V role detected

CPU: total 16 (initial active 16) (16 cores per cpu, 2 threads per core) family 23 model 96 stepping 1 microcode 0x8600103, cx8, cmov, fxsr, ht, mmx, 3dnowpref, sse, sse2, sse3, ssse3, sse4a, sse4.1, sse4.2, popcnt, lzcnt, tsc, tscinvbit, avx, avx2, aes, clmul, bmi1, bmi2, adx, sha, fma, vzeroupper, clflush, clflushopt, hv
Processor Information for processor 0
  Max Mhz: 2900, Current Mhz: 2900, Mhz Limit: 2900
Processor Information for processor 1
  Max Mhz: 2900, Current Mhz: 2900, Mhz Limit: 2900
Processor Information for processor 2
  Max Mhz: 2900, Current Mhz: 2900, Mhz Limit: 2900
Processor Information for processor 3
  Max Mhz: 2900, Current Mhz: 2900, Mhz Limit: 2900
Processor Information for processor 4
  Max Mhz: 2900, Current Mhz: 2900, Mhz Limit: 2900
Processor Information for processor 5
  Max Mhz: 2900, Current Mhz: 2900, Mhz Limit: 2900
Processor Information for processor 6
  Max Mhz: 2900, Current Mhz: 2900, Mhz Limit: 2900
Processor Information for processor 7
  Max Mhz: 2900, Current Mhz: 2900, Mhz Limit: 2900
Processor Information for processor 8
  Max Mhz: 2900, Current Mhz: 2900, Mhz Limit: 2900
Processor Information for processor 9
  Max Mhz: 2900, Current Mhz: 2900, Mhz Limit: 2900
Processor Information for processor 10
  Max Mhz: 2900, Current Mhz: 2900, Mhz Limit: 2900
Processor Information for processor 11
  Max Mhz: 2900, Current Mhz: 2900, Mhz Limit: 2900
Processor Information for processor 12
  Max Mhz: 2900, Current Mhz: 2900, Mhz Limit: 2900
Processor Information for processor 13
  Max Mhz: 2900, Current Mhz: 2900, Mhz Limit: 2900
Processor Information for processor 14
  Max Mhz: 2900, Current Mhz: 1400, Mhz Limit: 2900
Processor Information for processor 15
  Max Mhz: 2900, Current Mhz: 1400, Mhz Limit: 2900

Memory: 4k page, system-wide physical 32125M (7774M free)
TotalPageFile size 36198M (AvailPageFile size 660M)
current process WorkingSet (physical memory assigned to process): 973M, peak: 994M
current process commit charge ("private bytes"): 1023M, peak: 1041M

vm_info: OpenJDK 64-Bit Server VM (17.0.18+8-LTS) for windows-amd64 JRE (17.0.18+8-LTS), built on Jan 15 2026 18:50:45 by "MicrosoftCorporation" with MS VC++ 17.14 (VS2022)

END.
